11 Listopada;11 Listopada;;6;UJEŚCISKO-ŁOSTOWICE
3 Brygady Szczerbca;3 Brygady Szczerbca;;1;CHEŁM
3 Maja;3 Maja;;2;ŚRÓDMIEŚCIE
Abrahama;Antoniego Abrahama;11-55;6;VII DWÓR
Abrahama;Antoniego Abrahama;1-10, 56 do końca;5;OLIWA
Achillesa;Achillesa;;5;OSOWA
Afrodyty;Afrodyty;;5;OSOWA
Agrarna;Agrarna;;5;MATARNIA
Akacjowa;Akacjowa;;3;WRZESZCZ GÓRNY
Aksamitna;Aksamitna;;2;ŚRÓDMIEŚCIE
Akteona;Akteona;;5;OSOWA
Akwenowa;Akwenowa;;1;WYSPA SOBIESZEWSKA
Aldony;Aldony;;3;WRZESZCZ DOLNY
Altanki;Altanki;;1;OLSZYNKA
Ametystowa;Ametystowa;;1;CHEŁM
Amundsena;Amundsena;;6;PIECKI-MIGOWO
Andersena;Christiana Andersena;;2;PRZERÓBKA
Andromedy;Andromedy;;5;OSOWA
Angielska Grobla;Angielska Grobla;;2;ŚRÓDMIEŚCIE
Antczaka;Antoniego Antczaka;;1;CHEŁM
Antygony;Antygony;;5;OSOWA
Arciszewskiego;Krzysztofa Arciszewskiego;;3;STRZYŻA
Arctowskiego;Henryka Arctowskiego;;6;PIECKI-MIGOWO
Ariadny;Ariadny;;5;OSOWA
Arkońska;Arkońska;;4;PRZYMORZE MAŁE
Armii Krajowej;Aleja Armii Krajowej;;1;CHEŁM
Aroniowa;Aroniowa;;1;ORUNIA-ŚW. WOJCIECH-LIPCE
Artemidy;Artemidy;;5;OSOWA
Asesora;Asesora;;1;WZGÓRZE MICKIEWICZA
Asnyka;Adama Asnyka;;5;OLIWA
Astronautów;Astronautów;;5;MATARNIA
Astronomów;Astronomów;;5;OSOWA
Astrowa;Astrowa;;1;WYSPA SOBIESZEWSKA
Ateny;Ateny;;5;OSOWA
Augusta;Zygmunta Augusta;;3;WRZESZCZ DOLNY
Augustowska;Augustowska;;1;CHEŁM
Augustyńskiego;Jana Augustyńskiego;;2;ŚRÓDMIEŚCIE
Azaliowa;Azaliowa;;5;KOKOSZKI
Azymutalna;Azymutalna;;5;MATARNIA
Bacewicz;Grażyny Bacewicz;;6;SUCHANINO
Bacha;Jana Sebastiana Bacha;;6;SUCHANINO
Baczyńskiego;Krzysztofa Kamila Baczyńskiego;;3;WRZESZCZ DOLNY
Bajana;Jerzego Bajana;;4;ZASPA-MŁYNIEC
Bajki;Bajki;;2;PRZERÓBKA
Balcerskiego;Wacława Balcerskiego;;5;OSOWA
Bałtycka;Bałtycka;;5;ŻABIANKA-WEJHERA-JELITKOWO-TYSIĄCLECIA
Banińska;Banińska;;5;KOKOSZKI
Barkoczyńska;Barkoczyńska;;5;KOKOSZKI
Barniewicka;Barniewicka;;5;OSOWA
Barokowa;Barokowa;;3;WRZESZCZ GÓRNY
Bartka;Bartka;;1;WZGÓRZE MICKIEWICZA
Bartnicza;Bartnicza;;1;CHEŁM
Barwna;Barwna;;1;WYSPA SOBIESZEWSKA
Barzychowskiej;Erwiny Barzychowskiej;;1;CHEŁM
Basen Górniczy;Basen Górniczy;Inne;2;STOGI
Bastion Św. Elżbiety;Bastion Św. Elżbiety;;2;ŚRÓDMIEŚCIE
Basztowa;Basztowa;;2;ŚRÓDMIEŚCIE
Baśniowa;Baśniowa;;6;UJEŚCISKO-ŁOSTOWICE
Batalionów Chłopskich;Batalionów Chłopskich;;1;ORUNIA-ŚW. WOJCIECH-LIPCE
Batorego;Stefana Batorego;;3;WRZESZCZ GÓRNY
Bażyńskiego;Jana Bażyńskiego;;5;OLIWA
Bądkowskiego;Lecha Bądkowskiego;;6;SIEDLCE
Bednarska;Bednarska;;2;ŚRÓDMIEŚCIE
Beethovena;Ludwika Beethovena;;6;SUCHANINO
Begoniowa;Begoniowa;;1;WYSPA SOBIESZEWSKA
Belgradzka;Belgradzka;;6;PIECKI-MIGOWO
Bellinga;Franciszka Bellinga;;6;VII DWÓR
Bema;gen. Józefa Bema;;6;SIEDLCE
Beniowskiego;Maurycego Beniowskiego;;4;PRZYMORZE MAŁE
Benzynowa;Benzynowa;;1;RUDNIKI
Bereniki;Bereniki;;5;OSOWA
Bergiela;Konstantego Bergiela;;6;UJEŚCISKO-ŁOSTOWICE
Beskidzka;Beskidzka;;6;UJEŚCISKO-ŁOSTOWICE
Betoniarzy;Betoniarzy;;5;KOKOSZKI
Będomińska;Będomińska;;5;KOKOSZKI
Biała;Biała;;3;WRZESZCZ DOLNY
Białostocka;Białostocka;;6;UJEŚCISKO-ŁOSTOWICE
Białoszewskiego;Mirona Białoszewskiego;;3;WRZESZCZ GÓRNY
Białowieska;Białowieska;;6;UJEŚCISKO-ŁOSTOWICE
Biegańskiego;Władysława Biegańskiego;;1;CHEŁM
Bielańska;Bielańska;;2;ŚRÓDMIEŚCIE
Biernackiego;Edmunda Biernackiego;;1;CHEŁM
Bieszczadzka;Bieszczadzka;;6;UJEŚCISKO-ŁOSTOWICE
Bieszkowicka;Bieszkowicka;;5;KOKOSZKI
Biologiczna;Biologiczna;;5;KOKOSZKI
Biskupia;Biskupia;;2;ŚRÓDMIEŚCIE
Bitwy Oliwskiej;Bitwy Oliwskiej;;5;OLIWA
Bitwy pod Lenino;Bitwy pod Lenino;;1;CHEŁM
Biwakowa;Biwakowa;;5;OSOWA
Bliska;Bliska;;2;NOWY PORT
Blizowa;Blizowa;;2;NOWY PORT
Bliźniąt;Bliźniąt;;5;OSOWA
Bluszczowa;Bluszczowa;;1;OLSZYNKA
Błędnik (wiadukt);Błędnik (wiadukt);Inne;2;ŚRÓDMIEŚCIE
Błękitna;Błękitna;;5;ŻABIANKA-WEJHERA-JELITKOWO-TYSIĄCLECIA
Błońska;Błońska;;1;OLSZYNKA
Bobrowa;Bobrowa;;5;OLIWA
Boczna;Boczna;;1;ORUNIA-ŚW. WOJCIECH-LIPCE
Boguckiego;Mieczysława Boguckiego;;1;WYSPA SOBIESZEWSKA
Bogusławskiego;Wojciecha Bogusławskiego;;2;ŚRÓDMIEŚCIE
Bohaterów Getta Warszawskiego;Bohaterów Getta Warszawskiego;;3;WRZESZCZ DOLNY
Bohomolca;Franciszka Bohomolca;;3;WRZESZCZ DOLNY
Bora-Komorowskiego;gen. Bora-Komorowskiego;;4;PRZYMORZE MAŁE
Borchardta;kpt. Karola Olgierda Borchardta;;5;OSOWA
Borkowska;Borkowska;;1;CHEŁM
Borowskiego;Michała Borowskiego;;6;UJEŚCISKO-ŁOSTOWICE
Borówkowa;Borówkowa;;5;KOKOSZKI
Borska;Borska;;5;KOKOSZKI
Borsucza;Borsucza;;5;JASIEŃ
Bosmańska;Bosmańska;;2;ŚRÓDMIEŚCIE
Botaniczna;Botaniczna;;5;KOKOSZKI
Bracka;Bracka;;3;WRZESZCZ GÓRNY
Bramińskiego;kmdr. Tadeusza Bramińskiego;;6;UJEŚCISKO-ŁOSTOWICE
Bratki;Bratki;;1;OLSZYNKA
Brodnicka;Brodnicka;;5;KOKOSZKI
Broniewskiego;Władysława Broniewskiego;;3;BRZEŹNO
Browarna;Browarna;;2;ŚRÓDMIEŚCIE
Browicza;Tadeusza Browicza;;1;CHEŁM
Brożka;Jana Brożka;;3;WRZESZCZ GÓRNY
Brukowa;Brukowa;;6;SIEDLCE
Bruskiego;Alojzego Bruskiego;;1;CHEŁM
Brygidki;Brygidki;;2;ŚRÓDMIEŚCIE
Brylantowa;Brylantowa;;1;CHEŁM
Brzechwy;Jana Brzechwy;;2;PRZERÓBKA
Brzegi;Brzegi;;1;ORUNIA-ŚW. WOJCIECH-LIPCE
Brzeźnieńska;Brzeźnieńska;;3;BRZEŹNO
Brzoskwiniowa;Brzoskwiniowa;;5;JASIEŃ
Brzozowa;Brzozowa;;3;WRZESZCZ GÓRNY
Buczka;Mariana Buczka;;1;CHEŁM
Budapesztańska;Budapesztańska;;6;PIECKI-MIGOWO
Budowlanych;Budowlanych;33 do końca, 44 do końca;5;MATARNIA
Budowlanych;Budowlanych;1-31, 2-42;5;KOKOSZKI
Budowniczych Portu Północnego;Budowniczych Portu Północnego;;2;STOGI
Budziszów;Budziszów;;4;ZASPA-ROZSTAJE
Budzysza;Wosia Budzysza;;2;STOGI
Bukowa;Bukowa;;5;OSOWA
Bukowskiego;Bronisława Bukowskiego;;6;VII DWÓR
Bulońska;Bulońska;;6;PIECKI-MIGOWO
Burgaska;Burgaska;;6;PIECKI-MIGOWO
Bursztynowa;Bursztynowa;;5;ŻABIANKA-WEJHERA-JELITKOWO-TYSIĄCLECIA
Burzyńskiego;Zbigniewa Burzyńskiego;;4;ZASPA-ROZSTAJE
Bydgoska;Bydgoska;;4;PRZYMORZE MAŁE
Bysewska;Bysewska;;5;KOKOSZKI
Bystrzycka;Bystrzycka;;6;SIEDLCE
Bytowska;Bytowska;;5;OLIWA
Bzowa;Bzowa;;4;PRZYMORZE MAŁE
Cebertowicza;prof. Romualda Cebertowicza;;1;CHEŁM
Cedrowa;Cedrowa;;6;UJEŚCISKO-ŁOSTOWICE
Cefeusza;Cefeusza;;5;OSOWA
Ceglana;Ceglana;;3;WRZESZCZ GÓRNY
Cementowa;Cementowa;;5;KOKOSZKI
Centaura;Centaura;;5;OSOWA
Cerery;Cerery;;5;OSOWA
Ceynowy;Floriana Ceynowy;;5;OLIWA
Chabrowa;Chabrowa;;5;KOKOSZKI
Chałubińskiego;Tytusa Chałubińskiego;;1;CHEŁM
Charpantiera;Jana Charpantiera;;2;PRZERÓBKA
Charzykowska;Charzykowska;;5;KOKOSZKI
Chełmińska;Chełmińska;;5;OSOWA
Chełmońskiego;Józefa Chełmońskiego;;6;VII DWÓR
Chemików;Chemików;;2;PRZERÓBKA
Chirona;Chirona;;5;OSOWA
Chlebnicka;Chlebnicka;;2;ŚRÓDMIEŚCIE
Chłodna;Chłodna;;2;ŚRÓDMIEŚCIE
Chłopska;Chłopska;1-53;4;PRZYMORZE MAŁE
Chłopska;Chłopska;2-46;4;PRZYMORZE WIELKIE
Chłopska;Chłopska;48-70;5;ŻABIANKA-WEJHERA-JELITKOWO-TYSIĄCLECIA
Chmielna;Chmielna;;2;ŚRÓDMIEŚCIE
Chociszewskiego;Józefa Chociszewskiego;;4;PRZYMORZE MAŁE
Choczewska;Choczewska;;5;KOKOSZKI
Chodackiego;Mariana Chodackiego;;2;LETNICA
Chodkiewicza;Karola Chodkiewicza;;3;BRZEŹNO
Chodowieckiego;Daniela Chodowieckiego;;3;ANIOŁKI
Chojnicka;Chojnicka;;5;OSOWA
Chopina;Fryderyka Chopina;;3;STRZYŻA
Chrobrego;Bolesława Chrobrego;;3;WRZESZCZ DOLNY
Chrzanowskiego;Bernarda Chrzanowskiego;;3;STRZYŻA
Chwaszczyńska;Chwaszczyńska;;2;MŁYNISKA
Chychły;Zygmunta Chychły;;1;CHEŁM
Ciasna;Ciasna;;6;SIEDLCE
Cicha;Cicha;;3;BRZEŹNO
Ciechanowska;Ciechanowska;;6;UJEŚCISKO-ŁOSTOWICE
Cienista;Cienista;21 do końca, 12 do końca;1;CHEŁM
Cienista;Cienista;2-10A, 1-19;1;ORUNIA-ŚW. WOJCIECH-LIPCE
Ciesielska;Ciesielska;;2;ŚRÓDMIEŚCIE
Cieszyńskiego;Władysława Cieszyńskiego;;1;CHEŁM
Ciołkowskiego;Konstantego Ciołkowskiego;;4;ZASPA-ROZSTAJE
Cisowa;Cisowa;;6;UJEŚCISKO-ŁOSTOWICE
Cmentarna;Cmentarna;;1;ORUNIA-ŚW. WOJCIECH-LIPCE
Cumowników;Cumowników;;5;OSOWA
Cybulskiego;Zbigniewa Cybulskiego;;3;BRZEŹNO
Cygańska Góra;Cygańska Góra;;6;SUCHANINO
Cyprysowa;Cyprysowa;;5;JASIEŃ
Cystersów;Cystersów;;5;OLIWA
Cytrowa;Cytrowa;;5;MATARNIA
Czajki;Czajki;;1;WYSPA SOBIESZEWSKA
Czajkowskiego;Piotra Czajkowskiego;;6;SUCHANINO
Czaplewska;Czaplewska;;5;KOKOSZKI
Czarna;Czarna;;3;WRZESZCZ GÓRNY
Czarnieckiego;Stefana Czarnieckiego;;3;WRZESZCZ GÓRNY
Czarnowskiego;Tadeusza Czarnowskiego;;6;VII DWÓR
Czarny Dwór;Czarny Dwór;1-12;4;PRZYMORZE WIELKIE
Czarny Dwór;Czarny Dwór;strona niezamieszkała;4;ZASPA-ROZSTAJE
Czecha;Bronisława Czecha;;6;PIECKI-MIGOWO
Czeremchowa;Czeremchowa;;5;KOKOSZKI
Czereśniowa;Czereśniowa;;6;UJEŚCISKO-ŁOSTOWICE
Czermińskiego;Władysława Czermińskiego;;5;JASIEŃ
Czerska;Czerska;;1;CHEŁM
Czerwcowa;Czerwcowa;;5;KOKOSZKI
Czerwony Dwór;Czerwony Dwór;;4;PRZYMORZE MAŁE
Częstochowska;Częstochowska;;6;UJEŚCISKO-ŁOSTOWICE
Czirenberga;Jana Czirenberga;;1;CHEŁM
Człuchowska;Człuchowska;;6;UJEŚCISKO-ŁOSTOWICE
Czopowa;Czopowa;;2;ŚRÓDMIEŚCIE
Czubińskiego;prof. Zygmunta Czubińskiego;;6;PIECKI-MIGOWO
Czyżewskiego;Józefa Czyżewskiego;;5;OLIWA
Czyżyków;Czyżyków;;1;WYSPA SOBIESZEWSKA
Ćwiklińskiej;Mieczysławy Ćwiklińskiej;;3;BRZEŹNO
Daleka;Daleka;;1;ORUNIA-ŚW. WOJCIECH-LIPCE
Daliowa;Daliowa;;3;WRZESZCZ DOLNY
Damroki;Damroki;;5;JASIEŃ
Dantyszka;Jana Dantyszka;;3;ANIOŁKI
Danusi;Danusi;;3;WRZESZCZ DOLNY
Darłowska;Darłowska;;4;PRZYMORZE MAŁE
Daru Pomorza;Daru Pomorza;;5;OSOWA
Darżlubska;Darżlubska;;6;UJEŚCISKO-ŁOSTOWICE
Dąbka;Stanisława Dąbka;;6;UJEŚCISKO-ŁOSTOWICE
Dąbrowskiego;gen. Henryka Dąbrowskiego;;3;ANIOŁKI
Dąbrowszczaków;Dąbrowszczaków;;4;PRZYMORZE WIELKIE
Dąbrówki;Dąbrówki;;1;CHEŁM
de Gaulle’a;gen. de Gaulle’a;;3;WRZESZCZ GÓRNY
de Plelo;Roberta de Plelo;;2;PRZERÓBKA
Dedala;Dedala;;5;MATARNIA
Dekerta;Jana Dekerta;;3;WRZESZCZ GÓRNY
Delfina;Delfina;;5;OSOWA
Deotymy;Deotymy;;3;WRZESZCZ DOLNY
Derdowskiego;Jarosza Henryka Derdowskiego;;5;OLIWA
Dębinki;Dębinki;;3;ANIOŁKI
Dębowa;Dębowa;;3;ANIOŁKI
Diamentowa;Diamentowa;;1;ORUNIA-ŚW. WOJCIECH-LIPCE
Diany;Diany;;5;OSOWA
Dickensa;Karola Dickensa;;2;PRZERÓBKA
Dickmana;Arenda Dickmana;;5;OLIWA
Dionizosa;Dionizosa;;5;OSOWA
Długa;Długa;;2;ŚRÓDMIEŚCIE
Długa Grobla;Długa Grobla;;2;ŚRÓDMIEŚCIE
Długi Targ;Długi Targ;;2;ŚRÓDMIEŚCIE
Długie Ogrody;Długie Ogrody;;2;ŚRÓDMIEŚCIE
Długie Pobrzeże;Długie Pobrzeże;;2;ŚRÓDMIEŚCIE
Długosza;Jana Długosza;;2;NOWY PORT
Dmowskiego;Romana Dmowskiego;;3;WRZESZCZ GÓRNY
Do Studzienki;Do Studzienki;;3;WRZESZCZ GÓRNY
Dobra;Dobra;;2;ŚRÓDMIEŚCIE
Dobrowolskiego;Antoniego Dobrowolskiego;;6;PIECKI-MIGOWO
Dobrzyńskich;Dobrzyńskich;;1;WZGÓRZE MICKIEWICZA
Dojazdowa;Dojazdowa;;5;KOKOSZKI
Dokerów;Dokerów;;1;CHEŁM
Doki;Doki;;2;ŚRÓDMIEŚCIE
Dolna;Dolna;;2;ŚRÓDMIEŚCIE
Dolna Brama;Dolna Brama;;2;ŚRÓDMIEŚCIE
Dolne Migowo;Dolne Migowo;;6;BRĘTOWO
Dolne Młyny;Dolne Młyny;;6;BRĘTOWO
Domeyki;Ignacego Domeyki;;1;WZGÓRZE MICKIEWICZA
Dominika;bpa Konstantyna Dominika;;1;CHEŁM
Doroszewskiego;Witolda Doroszewskiego;;6;VII DWÓR
Dragana;Marcina Dragana;;1;CHEŁM
Drawska;Drawska;;5;OSOWA
Droszyńskiego;Leona Droszyńskiego;;4;PRZYMORZE MAŁE
Drożyny;Drożyny;;6;VII DWÓR
Drużyn Strzeleckich;Drużyn Strzeleckich;;6;UJEŚCISKO-ŁOSTOWICE
Drwęcka;Drwęcka;;6;SIEDLCE
Drzewieckiego;Stefana Drzewieckiego;;4;ZASPA-ROZSTAJE
Drzymały;Wojciecha Drzymały;;5;OLIWA
Dubois;Stanisława Dubois;;3;WRZESZCZ DOLNY
Dulin’a;Aleksandra Dulin’a;;6;UJEŚCISKO-ŁOSTOWICE
Dulkowa;Dulkowa;;1;WYSPA SOBIESZEWSKA
Dunikowskiego;Ksawerego Dunikowskiego;;3;BRZEŹNO
Dworcowa;Dworcowa;;1;ORUNIA-ŚW. WOJCIECH-LIPCE
Dworkowa;Dworkowa;;1;OLSZYNKA
Dworska;Dworska;;3;BRZEŹNO
Dygasińskiego;Adolfa Dygasińskiego;;4;ZASPA-ROZSTAJE
Dylinki;Dylinki;;2;ŚRÓDMIEŚCIE
Dyrekcyjna;Dyrekcyjna;;2;ŚRÓDMIEŚCIE
Dywizji Wołyńskiej;Dywizji Wołyńskiej;;1;CHEŁM
Dywizjonu 303;Dywizjonu 303;;4;ZASPA-MŁYNIEC
Działyńskiego;Mikołaja Działyńskiego;;1;CHEŁM
Dziana;Dziana;;2;ŚRÓDMIEŚCIE
Dziekuć-Maleja;Łukasza Dziekuć-Maleja;;3;ANIOŁKI
Dzielna;Dzielna;;3;WRZESZCZ DOLNY
Dziewanowskiego;Jana Dziewanowskiego;;2;ŚRÓDMIEŚCIE
Dzwonki;Dzwonki;;1;OLSZYNKA
Dźwigowa;Dźwigowa;;3;WRZESZCZ DOLNY
Edisona;Tomasza Edisona;;6;PIECKI-MIGOWO
Egiertowska;Egiertowska;;5;KOKOSZKI
Elbląska;Elbląska;66 i 79 do końca;1;RUDNIKI
Elbląska;Elbląska;42-64, 53-73;2;ŚRÓDMIEŚCIE
Elewów;Elewów;;5;MATARNIA
Elfów;Elfów;;6;UJEŚCISKO-ŁOSTOWICE
Elżbietańska;Elżbietańska;;2;ŚRÓDMIEŚCIE
Eurydyki;Eurydyki;;5;OSOWA
Fabryczna;Fabryczna;;5;KOKOSZKI
Fahrenheita;Daniela Fahrenheita;;3;ANIOŁKI
Falck Polonusa;Jeremiasza Falck Polonusa;;2;STOGI
Falista;Falista;;3;WRZESZCZ GÓRNY
Falowa;Falowa;;1;WYSPA SOBIESZEWSKA
Feniksa;Feniksa;;5;OSOWA
Fieldorfa;gen. Augusta Emila Fieldorfa;;1;CHEŁM
Figowa;Figowa;;1;ORUNIA-ŚW. WOJCIECH-LIPCE
Filaretów;Filaretów;;1;WZGÓRZE MICKIEWICZA
Filomatów;Filomatów;;1;WZGÓRZE MICKIEWICZA
Fiołkowa;Fiołkowa;;1;OLSZYNKA
Fiszera;gen. Józefa Fiszera;;3;WRZESZCZ GÓRNY
Fitelberga;Grzegorza Fitelberga;;3;STRZYŻA
Flisacka;Flisacka;;5;OLIWA
Flisykowskiego;Alfonsa Flisykowskiego;;5;JASIEŃ
Floriańska;Floriańska;;2;NOWY PORT
Flory;Flory;;5;OSOWA
Focha;marsz. Ferdynanda Focha;;3;ANIOŁKI
Forsycji;Forsycji;;1;WYSPA SOBIESZEWSKA
Fredry;Aleksandra Fredry;;3;WRZESZCZ DOLNY
Frezjowa;Frezjowa;;1;WYSPA SOBIESZEWSKA
Fromborska;Fromborska;;4;PRZYMORZE MAŁE
Fultona;Roberta Fultona;;6;PIECKI-MIGOWO
Fundacyjna;Fundacyjna;;2;ŚRÓDMIEŚCIE
Fundamentowa;Fundamentowa;;5;KOKOSZKI
Gabrysiak;Aleksandry Gabrysiak;;5;JASIEŃ
Gajowa;Gajowa;;5;OSOWA
Galaktyczna;Galaktyczna;;5;OSOWA
Galileusza;Galileusza;;5;OSOWA
Galla;Iwo Galla;;3;BRZEŹNO
Gałczyńskiego;Konstantego Ildefonsa Gałczyńskiego;;3;BRZEŹNO
Garbary;Garbary;;2;ŚRÓDMIEŚCIE
Garczyńska;Garczyńska;;5;JASIEŃ
Garncarska;Garncarska;;2;ŚRÓDMIEŚCIE
Gazownicza;Gazownicza;;2;ŚRÓDMIEŚCIE
Gdańca;Pawła Gdańca;;5;OLIWA
Gdańska;Gdańska;;3;BRZEŹNO
Gdańskiego Kolejarza;Gdańskiego Kolejarza;;1;RUDNIKI
Gdyńska;Gdyńska;;5;ŻABIANKA-WEJHERA-JELITKOWO-TYSIĄCLECIA
Gdyńskich Kosynierów;Gdyńskich Kosynierów;;2;ŚRÓDMIEŚCIE
Gerwazego;Gerwazego;;1;WZGÓRZE MICKIEWICZA
Gęsia;Gęsia;;1;OLSZYNKA
Giedroycia;Jerzego Giedroycia;;6;BRĘTOWO
Giełguda;gen. Antoniego Giełguda;;3;ANIOŁKI
Gierymskiego;Maksymiliana Gierymskiego;;6;SIEDLCE
Glinki;Michała Glinki;;3;STRZYŻA
Głęboka;Głęboka;;2;ŚRÓDMIEŚCIE
Głogowa;Głogowa;;1;ORUNIA-ŚW. WOJCIECH-LIPCE
Głogowska;Głogowska;;6;VII DWÓR
Głucha;Głucha;;1;ORUNIA-ŚW. WOJCIECH-LIPCE
Gnieźnieńska;Gnieźnieńska;;5;OSOWA
Gnilna;Gnilna;;2;ŚRÓDMIEŚCIE
Gojawiczyńskiej;Poli Gojawiczyńskiej;;6;PIECKI-MIGOWO
Gołębia;Gołębia;;3;WRZESZCZ DOLNY
Gołuńska;Gołuńska;;5;KOKOSZKI
Gomółki;Mikołaja Gomółki;;3;STRZYŻA
Gomulickiego;Wiktora Gomulickiego;;3;WRZESZCZ GÓRNY
Goplańska;Goplańska;;5;KOKOSZKI
Gorzowska;Gorzowska;;6;UJEŚCISKO-ŁOSTOWICE
Goska;Goska;;5;JASIEŃ
Gospody;Gospody;;5;ŻABIANKA-WEJHERA-JELITKOWO-TYSIĄCLECIA
Gostyńska;Gostyńska;;5;KOKOSZKI
Goszczyńskiego;Seweryna Goszczyńskiego;;6;SIEDLCE
Goszyńska;Goszyńska;;5;JASIEŃ
Gościnna;Gościnna;;1;ORUNIA-ŚW. WOJCIECH-LIPCE
Gotycka;Gotycka;;3;WRZESZCZ GÓRNY
Gowidlińska;Gowidlińska;;5;OSOWA
Goździkowa;Goździkowa;;1;OLSZYNKA
Góralska;Góralska;;6;BRĘTOWO
Górecka;Górecka;;1;KRAKOWIEC-GÓRKI ZACHODNIE
Góreckiego;ks. Mariana Góreckiego;;2;NOWY PORT
Górka;Górka;;2;ŚRÓDMIEŚCIE
Górna;Górna;;2;ŚRÓDMIEŚCIE
Górnicza;Górnicza;;3;WRZESZCZ DOLNY
Górnowicza;prof. Huberta Górnowicza;;1;CHEŁM
Górskiego;Kazimierza Górskiego;;5;OLIWA
Górzysta;Górzysta;;6;BRĘTOWO
Grabowa;Grabowa;;1;ORUNIA-ŚW. WOJCIECH-LIPCE
Grabowskiego;Witolda Grabowskiego;;1;CHEŁM
Gradowa;Gradowa;;2;ŚRÓDMIEŚCIE
Granitowa;Granitowa;;1;ORUNIA-ŚW. WOJCIECH-LIPCE
Grażyny;Grażyny;;3;WRZESZCZ DOLNY
Grobla I;Grobla I;;2;ŚRÓDMIEŚCIE
Grobla II;Grobla II;;2;ŚRÓDMIEŚCIE
Grobla III;Grobla III;;2;ŚRÓDMIEŚCIE
Grobla IV;Grobla IV;;2;ŚRÓDMIEŚCIE
Grodza Kamienna;Grodza Kamienna;;2;ŚRÓDMIEŚCIE
Grodzieńska;Grodzieńska;;3;WRZESZCZ GÓRNY
Grodzka;Grodzka;;2;ŚRÓDMIEŚCIE
Gronostajowa;Gronostajowa;;5;JASIEŃ
Gronowa;Gronowa;;1;ORUNIA-ŚW. WOJCIECH-LIPCE
Groszkowa;Groszkowa;;1;WYSPA SOBIESZEWSKA
Grota-Roweckiego;gen. Stefana Grota-Roweckiego;;6;SIEDLCE
Grottgera;Artura Grottgera;;5;OLIWA
Grubby;Andrzeja Grubby;;1;CHEŁM
Grudziądzka;Grudziądzka;;3;WRZESZCZ DOLNY
Grunwaldzka;Aleja Grunwaldzka;295-615, 250-612;5;OLIWA
Grunwaldzka;Aleja Grunwaldzka;203-239, 192-244;3;STRZYŻA
Grunwaldzka;Aleja Grunwaldzka;1-201, 2-190;3;WRZESZCZ GÓRNY
Gryfa Pomorskiego;Gryfa Pomorskiego;;5;OSOWA
Gryglewskiego;Aleksandra Gryglewskiego;;6;VII DWÓR
Grząska;Grząska;;2;ŚRÓDMIEŚCIE
Grzegorza z Sanoka;Grzegorza z Sanoka;;3;WRZESZCZ DOLNY
Grzybowa;Grzybowa;;5;KOKOSZKI
Guderskiego;Konrada Guderskiego;1-42;6;UJEŚCISKO-ŁOSTOWICE
Guderskiego;Konrada Guderskiego;51 do końca;5;JASIEŃ
Gwiazda Morza;Gwiazda Morza;;2;LETNICA
Gwiazdowskiego;Tadeusza Gwiazdowskiego;;3;BRZEŹNO
Gwiaździsta;Gwiaździsta;;1;WYSPA SOBIESZEWSKA
Hallera;Aleja gen. Józefa Hallera;1-15;3;ANIOŁKI
Hallera;Aleja gen. Józefa Hallera;227 do końca;3;BRZEŹNO
Hallera;Aleja gen. Józefa Hallera;10-142, 17-209;3;WRZESZCZ DOLNY
Hallera;Aleja gen. Józefa Hallera;2-8;3;WRZESZCZ GÓRNY
Handlowa;Handlowa;;2;LETNICA
Harfowa;Harfowa;;5;MATARNIA
Hausbrandta;prof. Stefana Hausbrandta;;6;UJEŚCISKO-ŁOSTOWICE
Havla;Aleja Vaclava Havla;;6;UJEŚCISKO-ŁOSTOWICE
Hebanowskiego;Stanisława Hebanowskiego;;1;CHEŁM
Heleny;Heleny;;5;OSOWA
Heliosa;Heliosa;;5;OSOWA
Helska;Helska;;5;ŻABIANKA-WEJHERA-JELITKOWO-TYSIĄCLECIA
Herberta;Zbigniewa Herberta;;1;WYSPA SOBIESZEWSKA
Herbowa;Herbowa;;3;BRZEŹNO
Herkulesa;Herkulesa;;5;OSOWA
Herlinga - Grudzińskiego;Gustawa Herlinga - Grudzińskiego;;6;BRĘTOWO
Hermesa;Hermesa;;5;OSOWA
Herosa;Herosa;;5;OSOWA
Hery;Hery;;5;OSOWA
Hestii;Hestii;;5;OSOWA
Heweliusza;Jana Heweliusza;;2;ŚRÓDMIEŚCIE
Hiacyntowa;Hiacyntowa;;1;WYSPA SOBIESZEWSKA
Hirszfelda;Ludwika Hirszfelda;;1;CHEŁM
Hoene;Emilii Hoene;;1;CHEŁM
Hoene-Wrońskiego;Józefa Hoene-Wrońskiego;;3;ANIOŁKI
Hokejowa;Hokejowa;;1;CHEŁM
Hołdu Pruskiego;Hołdu Pruskiego;;5;OLIWA
Homera;Homera;;5;OSOWA
Horacego;Horacego;;5;OSOWA
Horeszków;Horeszków;;1;WZGÓRZE MICKIEWICZA
Hoża;Hoża;;2;STOGI
Hubala;mjr. Hubala;;3;STRZYŻA
Hucisko;Hucisko;;2;ŚRÓDMIEŚCIE
Huenefelda;Andrzeja Huenefelda;;6;UJEŚCISKO-ŁOSTOWICE
Husa;Jana Husa;;5;OLIWA
Husytów;Husytów;;5;ŻABIANKA-WEJHERA-JELITKOWO-TYSIĄCLECIA
Hynka;Franciszka Hynka;;4;ZASPA-MŁYNIEC
I Brygady;I Brygady;;6;UJEŚCISKO-ŁOSTOWICE
Igielnicka;Igielnicka;;2;ŚRÓDMIEŚCIE
II Brygady;II Brygady;;6;UJEŚCISKO-ŁOSTOWICE
Ikara;Ikara;;5;MATARNIA
Iławska;Iławska;;5;OSOWA
Iłowa;Iłowa;;1;WYSPA SOBIESZEWSKA
Inspektorska;Inspektorska;;1;ORUNIA-ŚW. WOJCIECH-LIPCE
Instalatorów;Instalatorów;;5;KOKOSZKI
Internetowa;Internetowa;;5;MATARNIA
Inżynierska;Inżynierska;;5;KOKOSZKI
Irysowa;Irysowa;;5;KOKOSZKI
Izydy;Izydy;;5;OSOWA
Jabłoniowa;Jabłoniowa;;5;JASIEŃ
Jabłońskiego;Henryka Hubertusa Jabłońskiego;;1;CHEŁM
Jachtowa;Jachtowa;;1;WYSPA SOBIESZEWSKA
Jagatowska;Jagatowska;;1;CHEŁM
Jagiellonki;Anny Jagiellonki;;1;CHEŁM
Jagiellończyka;Aleja Kazimierza Jagiellończyka;;5;OSOWA
Jagiellończyka;Aleja Kazimierza Jagiellończyka;;5;MATARNIA
Jagiellończyka;Aleja Kazimierza Jagiellończyka;;5;KOKOSZKI
Jagiellończyka;Aleja Kazimierza Jagiellończyka;;1;CHEŁM
Jagiellońska;Jagiellońska;;4;PRZYMORZE WIELKIE
Jagiełły;Władysława Jagiełły;;1;CHEŁM
Jaglana;Jaglana;;2;ŚRÓDMIEŚCIE
Jagodowa;Jagodowa;;1;ORUNIA-ŚW. WOJCIECH-LIPCE
Jałmużnicza;Jałmużnicza;;2;ŚRÓDMIEŚCIE
Jana Pawła II;Aleja Jana Pawła II;3-29, 20-50;4;ZASPA-ROZSTAJE
Jana Pawła II;Aleja Jana Pawła II;2-6 parz.;4;ZASPA-MŁYNIEC
Jana z Kolna;Jana z Kolna;31 do końca;2;MŁYNISKA
Jana z Kolna;Jana z Kolna;1-30;2;ŚRÓDMIEŚCIE
Jankiela;Jankiela;;1;WZGÓRZE MICKIEWICZA
Jantarowa;Jantarowa;21 do końca;3;BRZEŹNO
Jantarowa;Jantarowa;strona niezamieszkała;4;PRZYMORZE WIELKIE
Jantarowa;Jantarowa;1-15;5;ŻABIANKA-WEJHERA-JELITKOWO-TYSIĄCLECIA
Jaracza;Stefana Jaracza;;2;ŚRÓDMIEŚCIE
Jarowa;Jarowa;;3;WRZESZCZ GÓRNY
Jarzębinowa;Jarzębinowa;;6;UJEŚCISKO-ŁOSTOWICE
Jasia i Małgosi;Jasia i Małgosi;;5;OLIWA
Jasieńska;Jasieńska;;5;JASIEŃ
Jasińskiego;Tadeusza Jasińskiego;;5;JASIEŃ
Jaskółcza;Jaskółcza;;2;ŚRÓDMIEŚCIE
Jasna;Jasna;;6;SIEDLCE
Jastrzębia;Jastrzębia;;2;STOGI
Jaśkowa Dolina;Jaśkowa Dolina;105 i 130;6;PIECKI-MIGOWO
Jaśkowa Dolina;Jaśkowa Dolina;bez 105 i 130;3;WRZESZCZ GÓRNY
Jaśminowa;Jaśminowa;;1;OLSZYNKA
Jaśminowy Stok;Jaśminowy Stok;;5;KOKOSZKI
Jaworowa;Jaworowa;;6;UJEŚCISKO-ŁOSTOWICE
Jaworzniaków;Jaworzniaków;;6;UJEŚCISKO-ŁOSTOWICE
Jednorożca;Jednorożca;;5;OSOWA
Jelenia;Jelenia;;5;OLIWA
Jeleniogórska;Jeleniogórska;;6;UJEŚCISKO-ŁOSTOWICE
Jelinki;Jelinki;;1;OLSZYNKA
Jelitkowska;Jelitkowska;;5;ŻABIANKA-WEJHERA-JELITKOWO-TYSIĄCLECIA
Jelitkowski Dwór;Jelitkowski Dwór;;4;PRZYMORZE WIELKIE
Jesienna;Jesienna;;5;MATARNIA
Jesionowa;Jesionowa;;3;WRZESZCZ GÓRNY
Jeziorowa;Jeziorowa;;5;JASIEŃ
Jeżewskiego;Kazimierza Jeżewskiego;;4;ZASPA-ROZSTAJE
Jodłowa;Jodłowa;;1;KRAKOWIEC-GÓRKI ZACHODNIE
Jodowa;Jodowa;;1;WYSPA SOBIESZEWSKA
Jowisza;Jowisza;;5;OSOWA
Junacka;Junacka;;1;ORUNIA-ŚW. WOJCIECH-LIPCE
Junony;Junony;;5;OSOWA
Juraty;Juraty;;5;OSOWA
Jutrzenki;Jutrzenki;;5;OSOWA
Kacza;Kacza;;1;OLSZYNKA
Kaczeńce;Kaczeńce;;2;STOGI
Kadetów;Kadetów;;5;MATARNIA
Kadmowa;Kadmowa;;1;CHEŁM
Kaletnicza;Kaletnicza;;2;ŚRÓDMIEŚCIE
Kalinowa;Kalinowa;;5;KOKOSZKI
Kaliska;Kaliska;;6;UJEŚCISKO-ŁOSTOWICE
Kamienna Grobla;Kamienna Grobla;;2;ŚRÓDMIEŚCIE
Kamieńskiego;Macieja Kamieńskiego;;6;SUCHANINO
Kampinoska;Kampinoska;;1;CHEŁM
Kanałowa;Kanałowa;;1;WYSPA SOBIESZEWSKA
Kanapariusza;Jana Kanapariusza;;5;OLIWA
Kapitańska;Kapitańska;;1;WYSPA SOBIESZEWSKA
Kapliczna;Kapliczna;;5;ŻABIANKA-WEJHERA-JELITKOWO-TYSIĄCLECIA
Kaprów;Kaprów;;5;OLIWA
Karkonoska;Karkonoska;;6;UJEŚCISKO-ŁOSTOWICE
Karlikowska;Karlikowska;;5;KOKOSZKI
Karłowicza;Mieczysława Karłowicza;;3;STRZYŻA
Karmelicka;Karmelicka;;2;ŚRÓDMIEŚCIE
Karpacka;Karpacka;;5;OLIWA
Karpia;Karpia;;2;ŚRÓDMIEŚCIE
Karsińska;Karsińska;;5;KOKOSZKI
Karskiego;Jana Karskiego;;6;BRĘTOWO
Kartuska;Kartuska;330-434C, 325-395;5;JASIEŃ
Kartuska;Kartuska;411 do końca, 444 do końca;5;KOKOSZKI
Kartuska;Kartuska;4-244, 5-251;6;SIEDLCE
Kartuska;Kartuska;246-328 parzyste, 253-323 nieparz.;6;UJEŚCISKO-ŁOSTOWICE
Karwieńska;Karwieńska;;5;OLIWA
Kasjopei;Kasjopei;;5;OSOWA
Kasprowicza;Jana Kasprowicza;;5;OLIWA
Kasztanowa;Kasztanowa;;2;NOWY PORT
Kaszubska;Kaszubska;;5;OLIWA
Katarzynki;Katarzynki;;2;ŚRÓDMIEŚCIE
Kaznodziejska;Kaznodziejska;;2;ŚRÓDMIEŚCIE
Kątowa;Kątowa;;1;ORUNIA-ŚW. WOJCIECH-LIPCE
Kempingowa;Kempingowa;;1;WYSPA SOBIESZEWSKA
Keplera;Jana Keplera;;5;OSOWA
Kępna;Kępna;;1;KRAKOWIEC-GÓRKI ZACHODNIE
Kętrzyńskiego;Wojciecha Kętrzyńskiego;;4;PRZYMORZE MAŁE
Kielasa;Jana Kielasa;;1;CHEŁM
Kielecka;Kielecka;;6;UJEŚCISKO-ŁOSTOWICE
Kielnieńska;Kielnieńska;;5;OSOWA
Kiepury;Jana Kiepury;;3;STRZYŻA
Kieturakisa;prof. Zdzisława Kieturakisa;;2;ŚRÓDMIEŚCIE
Kilińskiego;Jana Kilińskiego;;3;WRZESZCZ DOLNY
Kisielewskiego;Stefana Kisielewskiego;;3;STRZYŻA
Kiszewska;Kiszewska;;5;KOKOSZKI
Klesza;Klesza;;2;ŚRÓDMIEŚCIE
Klimatyczna;Klimatyczna;;1;WYSPA SOBIESZEWSKA
Kliniczna;Kliniczna;;3;WRZESZCZ DOLNY
Klonowa;Klonowa;;3;WRZESZCZ GÓRNY
Klonowicza;Sebastiana Klonowicza;;3;WRZESZCZ DOLNY
Klukowska;Klukowska;;5;MATARNIA
Kładki;Kładki;;2;ŚRÓDMIEŚCIE
Kłoczkowskiego;Wacława Kłoczkowskiego;;1;CHEŁM
Kłopot;Kłopot;;6;SIEDLCE
Kłosowa;Kłosowa;;2;STOGI
Kmieca;Kmieca;;3;STRZYŻA
Kminkowa;Kminkowa;;5;KOKOSZKI
Knyszyńska;Knyszyńska;;1;CHEŁM
Kobieli;Bogumiła Kobieli;;3;BRZEŹNO
Kochanowskiego;Jana Kochanowskiego;;3;WRZESZCZ DOLNY
Kocurki;Kocurki;;2;ŚRÓDMIEŚCIE
Kolarska;Kolarska;;1;CHEŁM
Kolberga;Oskara Kolberga;;3;STRZYŻA
Kolbudzka;Kolbudzka;;5;KOKOSZKI
Kolejarzy;Kolejarzy;;3;WRZESZCZ GÓRNY
Kolejowa;Kolejowa;;3;ANIOŁKI
Kolonia Anielinki;Kolonia Anielinki;;1;ORUNIA-ŚW. WOJCIECH-LIPCE
Kolonia Jordana;Kolonia Jordana;;3;ANIOŁKI
Kolonia Mysia;Kolonia Mysia;;1;ORUNIA-ŚW. WOJCIECH-LIPCE
Kolonia Ochota;Kolonia Ochota;;3;ANIOŁKI
Kolonia Orka;Kolonia Orka;;1;ORUNIA-ŚW. WOJCIECH-LIPCE
Kolonia Postęp;Kolonia Postęp;;1;CHEŁM
Kolonia Praca;Kolonia Praca;;3;ANIOŁKI
Kolonia Przybyszewskiego;Kolonia Stanisława Przybyszewskiego;;3;ANIOŁKI
Kolonia Przyszłość;Kolonia Przyszłość;;1;CHEŁM
Kolonia Rola;Kolonia Rola;;1;ORUNIA-ŚW. WOJCIECH-LIPCE
Kolonia Studentów;Kolonia Studentów;;1;CHEŁM
Kolonia Uroda;Kolonia Uroda;;3;WRZESZCZ DOLNY
Kolonia Wyżyny;Kolonia Wyżyny;;6;SIEDLCE
Kolonia Zaranie;Kolonia Zaranie;;1;ORUNIA-ŚW. WOJCIECH-LIPCE
Kolonia Zręby;Kolonia Zręby;;6;SIEDLCE
Kolonia Żeńcy;Kolonia Żeńcy;;3;WRZESZCZ DOLNY
Kolonijna;Kolonijna;;1;WYSPA SOBIESZEWSKA
Kolorowa;Kolorowa;;1;CHEŁM
Kolumba;Krzysztofa Kolumba;;6;PIECKI-MIGOWO
Kołłątaja;Hugo Kołłątaja;;3;WRZESZCZ GÓRNY
Kołobrzeska;Kołobrzeska;;4;PRZYMORZE MAŁE
Kołobrzeska;Kołobrzeska;;4;PRZYMORZE WIELKIE
Kołodzieja;Mariana Kołodzieja;;6;UJEŚCISKO-ŁOSTOWICE
Kołodziejska;Kołodziejska;;2;ŚRÓDMIEŚCIE
Komandorska;Komandorska;;5;OSOWA
Kombatantów;Kombatantów;;4;ZASPA-ROZSTAJE
Komety;Komety;;5;OSOWA
Konarskiego;Stanisława Konarskiego;;3;WRZESZCZ GÓRNY
Konkordii;Konkordii;;5;OSOWA
Konopnickiej;Marii Konopnickiej;;3;WRZESZCZ GÓRNY
Konstelacji;Konstelacji;;5;OSOWA
Kontenerowa;Kontenerowa;;2;STOGI
Konwalii;Konwalii;;3;WRZESZCZ DOLNY
Kopalniana;Kopalniana;;3;WRZESZCZ DOLNY
Kopeckiego;prof. Kazimierza Kopeckiego;;1;CHEŁM
Kopernika;Mikołaja Kopernika;;3;ANIOŁKI
Koralowa;Koralowa;;1;ORUNIA-ŚW. WOJCIECH-LIPCE
Korczaka;Janusza Korczaka;;4;ZASPA-ROZSTAJE
Kormoranów;Kormoranów;;2;STOGI
Korsarzy;Korsarzy;;5;OSOWA
Kortowska;Kortowska;;5;KOKOSZKI
Korzeniowskiego;Konrada Korzeniowskiego;;3;BRZEŹNO
Korzenna;Korzenna;;2;ŚRÓDMIEŚCIE
Kosmonautów;Kosmonautów;;5;KOKOSZKI
Kossaka;Juliusza Kossaka;;3;WRZESZCZ GÓRNY
Koszalińska;Koszalińska;;6;UJEŚCISKO-ŁOSTOWICE
Kościelna;Kościelna;;6;SIEDLCE
Kościerska;Kościerska;;5;OLIWA
Kościuszki;Tadeusza Kościuszki;;3;WRZESZCZ DOLNY
Kotarbińskiego;Józefa Kotarbińskiego;;3;BRZEŹNO
Kotwiczników;Kotwiczników;;2;ŚRÓDMIEŚCIE
Kowalska;Kowalska;;2;ŚRÓDMIEŚCIE
Kozia;Kozia;;2;ŚRÓDMIEŚCIE
Kozietulskiego;Jana Kozietulskiego;;3;ANIOŁKI
Koziorożca;Koziorożca;;5;OSOWA
Krajeńska;Krajeńska;;5;OSOWA
Kramarska;Kramarska;;2;ŚRÓDMIEŚCIE
Krańcowa;Krańcowa;;1;WYSPA SOBIESZEWSKA
Krasickiego;Ignacego Krasickiego;;3;BRZEŹNO
Krasnoludków;Krasnoludków;;6;VII DWÓR
Kraszewskiego;Józefa Kraszewskiego;;3;WRZESZCZ DOLNY
Kraśnięta;Kraśnięta;;5;JASIEŃ
Kręckiego;Franciszka Kręckiego;;5;OLIWA
Kręta;Kręta;;3;WRZESZCZ GÓRNY
Krokusowa;Krokusowa;;1;ORUNIA-ŚW. WOJCIECH-LIPCE
Krosienka;Krosienka;;2;ŚRÓDMIEŚCIE
Krosna;Krosna;;2;ŚRÓDMIEŚCIE
Krowia;Krowia;;2;ŚRÓDMIEŚCIE
Krowoderska;Krowoderska;;2;ŚRÓDMIEŚCIE
Królewskie Wzgórze;Królewskie Wzgórze;;6;PIECKI-MIGOWO
Królikarnia;Królikarnia;;2;ŚRÓDMIEŚCIE
Królowej Bony;Królowej Bony;;1;CHEŁM
Królowej Jadwigi;Królowej Jadwigi;;1;CHEŁM
Krótka;Krótka;;1;OLSZYNKA
Krucza;Krucza;;2;STOGI
Kruczkowskiego;Leona Kruczkowskiego;;6;PIECKI-MIGOWO
Kruszwicka;Kruszwicka;;5;OSOWA
Krylowa;Krylowa;;1;WYSPA SOBIESZEWSKA
Krynicka;Krynicka;;4;PRZYMORZE MAŁE
Kryniczna;Kryniczna;;2;PRZERÓBKA
Kryształowa;Kryształowa;;1;CHEŁM
Krzemienieckiej;Lucyny Krzemienieckiej;;3;WRZESZCZ DOLNY
Krzemowa;Krzemowa;;1;CHEŁM
Krzywa;Krzywa;;2;NOWY PORT
Krzywoustego;Bolesława Krzywoustego;;4;PRZYMORZE MAŁE
Księdza Robaka;Księdza Robaka;;1;WZGÓRZE MICKIEWICZA
Księżycowa;Księżycowa;;1;WYSPA SOBIESZEWSKA
Ku Ujściu;Ku Ujściu;;2;PRZERÓBKA
Kubacza;Franciszka Kubacza;;3;WRZESZCZ DOLNY
Kubusia Puchatka;Kubusia Puchatka;;5;OLIWA
Kujawska;Kujawska;;2;PRZERÓBKA
Kunickiego;Stanisława Kunickiego;;3;WRZESZCZ DOLNY
Kupały;Kupały;;4;PRZYMORZE MAŁE
Kupiecka;Kupiecka;;2;ŚRÓDMIEŚCIE
Kureckiej;Marii Kureckiej;;6;UJEŚCISKO-ŁOSTOWICE
Kurierów Armii Krajowej;Kurierów Armii Krajowej;;1;CHEŁM
Kurkowa;Kurkowa;;2;ŚRÓDMIEŚCIE
Kurpińskiego;Karola Kurpińskiego;;6;SUCHANINO
Kurza;Kurza;;2;ŚRÓDMIEŚCIE
Kurzyńskiego;Ignacego Kurzyńskiego;;6;VII DWÓR
Kusocińskiego;Janusza Kusocińskiego;;6;PIECKI-MIGOWO
Kuszników;Kuszników;;5;JASIEŃ
Kuśnierska;Kuśnierska;;2;ŚRÓDMIEŚCIE
Kutnowska;Kutnowska;;1;KRAKOWIEC-GÓRKI ZACHODNIE
Kwiatkowskiego;Eugeniusza Kwiatkowskiego;;5;OSOWA
Kwiatowa;Kwiatowa;;1;WYSPA SOBIESZEWSKA
Kwidzyńska;Kwidzyńska;;5;OSOWA
Kwietna;Kwietna;;5;OLIWA
Kwietniowa;Kwietniowa;;5;KOKOSZKI
Lastadia;Lastadia;;2;ŚRÓDMIEŚCIE
Latarniana;Latarniana;;2;ŚRÓDMIEŚCIE
Lawendowa;Lawendowa;;2;ŚRÓDMIEŚCIE
Lazurowa;Lazurowa;;1;WYSPA SOBIESZEWSKA
Lecha;Lecha;;5;ŻABIANKA-WEJHERA-JELITKOWO-TYSIĄCLECIA
Leczkowa;Konrada Leczkowa;;3;WRZESZCZ DOLNY
Ledy;Ledy;;5;OSOWA
Legendy;Legendy;;6;UJEŚCISKO-ŁOSTOWICE
Legionów;Aleja Legionów;;3;WRZESZCZ DOLNY
Legnicka;Legnicka;;6;SIEDLCE
Lektykarska;Lektykarska;;2;ŚRÓDMIEŚCIE
Lelewela;Joachima Lelewela;;3;WRZESZCZ DOLNY
Lema;Stanisława Lema;;6;PIECKI-MIGOWO
Lema;Stanisława Lema;;6;UJEŚCISKO-ŁOSTOWICE
Lenartowicza;Teofila Lenartowicza;;2;PRZERÓBKA
Lendziona;Antoniego Lendziona;;3;WRZESZCZ GÓRNY
Lengnicha;Gotfryda Lengnicha;;3;WRZESZCZ DOLNY
Leskiego;Kazimierza Leskiego;;5;JASIEŃ
Leszczynowa;Leszczynowa;;5;JASIEŃ
Leszczyńskich;Leszczyńskich;;4;ZASPA-ROZSTAJE
Leszka Białego;Leszka Białego;;4;PRZYMORZE MAŁE
Leśna;Leśna;;5;OLIWA
Leśna Góra;Leśna Góra;;6;BRĘTOWO
Leśny Potok;Leśny Potok;;6;UJEŚCISKO-ŁOSTOWICE
Leśny Stok;Leśny Stok;;3;WRZESZCZ GÓRNY
Letnia;Letnia;;1;OLSZYNKA
Letnicka;Letnicka;;2;LETNICA
Letniskowa;Letniskowa;;5;OSOWA
Lewkoniowa;Lewkoniowa;;1;WYSPA SOBIESZEWSKA
Lewoniewskich;Braci Lewoniewskich;;4;ZASPA-MŁYNIEC
Leźnieńska;Leźnieńska;;5;KOKOSZKI
Lęborska;Lęborska;;4;PRZYMORZE MAŁE
Liczmańskiego;Alfa Liczmańskiego;;5;OLIWA
Liliowa;Liliowa;;6;UJEŚCISKO-ŁOSTOWICE
Lilli Wenedy;Lilli Wenedy;;3;WRZESZCZ DOLNY
Limbowa;Limbowa;;5;JASIEŃ
Lindego;Samuela Lindego;;3;STRZYŻA
Lipce;Lipce;;1;ORUNIA-ŚW. WOJCIECH-LIPCE
Lipcowa;Lipcowa;;5;KOKOSZKI
Lipińskiego;Karola Lipińskiego;;3;STRZYŻA
Lipowa;Lipowa;;6;UJEŚCISKO-ŁOSTOWICE
Lipowicza;prof. Romana Lipowicza;;1;CHEŁM
Lipuska;Lipuska;;5;KOKOSZKI
Lirowa;Lirowa;;5;MATARNIA
Lisia Grobla;Lisia Grobla;;2;ŚRÓDMIEŚCIE
Listki;Listki;;1;OLSZYNKA
Liszta;Franciszka Liszta;;6;SUCHANINO
Litewska;Litewska;;1;RUDNIKI
Lotników Polskich;Lotników Polskich;;1;CHEŁM
Lubczykowa;Lubczykowa;;5;KOKOSZKI
Lubelska;Lubelska;;6;UJEŚCISKO-ŁOSTOWICE
Lublewska;Lublewska;;5;KOKOSZKI
Lubowidzka;Lubowidzka;;5;JASIEŃ
Lubuska;Lubuska;;1;CHEŁM
Ludowa;Ludowa;;3;STRZYŻA
Lutniowa;Lutniowa;;5;MATARNIA
Lwowska;Lwowska;;3;WRZESZCZ DOLNY
Łabędzia;Łabędzia;;6;UJEŚCISKO-ŁOSTOWICE
Łagiewniki;Łagiewniki;;2;ŚRÓDMIEŚCIE
Łagowska;Łagowska;;5;KOKOSZKI
Łamana;Łamana;;3;BRZEŹNO
Łanowa;Łanowa;;1;OLSZYNKA
Łańcucka;Łańcucka;;1;CHEŁM
Łapalicka;Łapalicka;;5;KOKOSZKI
Łapińska;Łapińska;;5;KOKOSZKI
Ławnicza;Ławnicza;;2;ŚRÓDMIEŚCIE
Łąkowa;Łąkowa;;2;ŚRÓDMIEŚCIE
Łęczycka;Łęczycka;;1;KRAKOWIEC-GÓRKI ZACHODNIE
Łęgi;Łęgi;;1;OLSZYNKA
Łosia;Łosia;;5;JASIEŃ
Łostowicka;Łostowicka;;6;SIEDLCE
Łowców;Łowców;;5;JASIEŃ
Łowicka;Łowicka;;1;KRAKOWIEC-GÓRKI ZACHODNIE
Łozy;Łozy;;3;BRZEŹNO
Łódzka;Łódzka;;6;UJEŚCISKO-ŁOSTOWICE
Łucznicza;Łucznicza;;1;CHEŁM
Łukasiewicza;Ignacego Łukasiewicza;;3;WRZESZCZ GÓRNY
Łupaszko;mjr Łupaszko;;1;WYSPA SOBIESZEWSKA
Łużycka;Łużycka;;1;CHEŁM
Łyżwiarska;Łyżwiarska;;1;CHEŁM
Macieja;Macieja;;1;WZGÓRZE MICKIEWICZA
Maciejewicza;kpt. Konstantego Maciejewicza;;5;OSOWA
Maciejkowa;Maciejkowa;;5;KOKOSZKI
Macierzankowa;Macierzankowa;;5;KOKOSZKI
Macierzy Szkolnej;Macierzy Szkolnej w Gdańsku;;6;VII DWÓR
Madalińskiego;Antoniego Madalińskiego;;1;CHEŁM
Madalińskiego;Antoniego Madalińskiego;;1;ORUNIA-ŚW. WOJCIECH-LIPCE
Magellana;Magellana;;6;PIECKI-MIGOWO
Magnoliowa;Magnoliowa;;6;UJEŚCISKO-ŁOSTOWICE
Majdera;księdza Jana Majdera;;4;PRZYMORZE MAŁE
Majewskich;Majewskich;;4;ZASPA-ROZSTAJE
Majkowskiego;Aleksandra Majkowskiego;;5;OLIWA
Majowa;Majowa;;1;OLSZYNKA
Maki;Maki;;1;OLSZYNKA
Makuszyńskiego;Kornela Makuszyńskiego;;3;WRZESZCZ GÓRNY
Malborska;Malborska;;4;PRZYMORZE MAŁE
Malczewskiego;Jacka Malczewskiego;;6;SIEDLCE
Malinowa;Malinowa;;5;KOKOSZKI
Małachowskiego;Stanisława Małachowskiego;;3;WRZESZCZ GÓRNY
Małcużyńskiego;Witolda Małcużyńskiego;;6;SUCHANINO
Małomiejska;Małomiejska;;1;ORUNIA-ŚW. WOJCIECH-LIPCE
Małoogrodowa;Małoogrodowa;;3;WRZESZCZ DOLNY
Mamuszki;Franciszka Mamuszki;;5;KOKOSZKI
Manifestu Połanieckiego;Manifestu Połanieckiego;;3;WRZESZCZ DOLNY
Marcowa;Marcowa;;5;KOKOSZKI
Mariacka;Mariacka;;2;ŚRÓDMIEŚCIE
Marii Ludwiki;Marii Ludwiki;;1;CHEŁM
Marsa;Marsa;;5;OSOWA
Marusarzówny;Heleny Marusarzówny;;6;PIECKI-MIGOWO
Maryli;Maryli;;1;WZGÓRZE MICKIEWICZA
Marynarki Polskiej;Marynarki Polskiej;;2;LETNICA
Marynarki Polskiej;Marynarki Polskiej;;2;MŁYNISKA
Marynarki Polskiej;Marynarki Polskiej;;2;NOWY PORT
Marynarska;Marynarska;;1;WYSPA SOBIESZEWSKA
Marzeń;Marzeń;;5;JASIEŃ
Maszynowa;Maszynowa;;5;KOKOSZKI
Matecznikowa;Matecznikowa;;6;UJEŚCISKO-ŁOSTOWICE
Matejki;Jana Matejki;;3;WRZESZCZ GÓRNY
Matemblewska;Matemblewska;;6;BRĘTOWO
Matki Polki;Matki Polki;;3;WRZESZCZ GÓRNY
Mazowiecka;Mazowiecka;;6;BRĘTOWO
Mazurska;Mazurska;;3;BRZEŹNO
Mehoffera;Józefa Mehoffera;;6;VII DWÓR
Meissnera;Janusza Meissnera;;4;ZASPA-ROZSTAJE
Menonitów;Menonitów;;2;ŚRÓDMIEŚCIE
Merkurego;Merkurego;;5;OSOWA
Metalowców;Metalowców;;5;KOKOSZKI
Meteorytowa;Meteorytowa;;5;OSOWA
Mewy;Mewy;;1;KRAKOWIEC-GÓRKI ZACHODNIE
Mezowska;Mezowska;;5;KOKOSZKI
Miałki Szlak;Miałki Szlak;;1;RUDNIKI
Michałki;Michałki;;1;RUDNIKI
Michałowskiego;Piotra Michałowskiego;;6;VII DWÓR
Michny;Antoniego Michny;;2;LETNICA
Michonia;Jana Michonia;;1;CHEŁM
Mickiewicza;Adama Mickiewicza;;3;WRZESZCZ DOLNY
Miechucińska;Miechucińska;;5;KOKOSZKI
Miedza;Miedza;;1;OLSZYNKA
Miedziana;Miedziana;;3;WRZESZCZ GÓRNY
Mierosławskiego;Ludwika Mierosławskiego;;3;WRZESZCZ DOLNY
Mieszczańska;Mieszczańska;;2;ŚRÓDMIEŚCIE
Mieszka I;Mieszka I;;5;ŻABIANKA-WEJHERA-JELITKOWO-TYSIĄCLECIA
Międzygwiezdna;Międzygwiezdna;;5;OSOWA
Migowska;Migowska;;3;WRZESZCZ GÓRNY
Milewskiego;Bernarda Milewskiego;;5;OLIWA
Milskiego;Bernarda Milskiego;;1;CHEŁM
Miła;Miła;;3;BRZEŹNO
Miłocińska;Miłocińska;;1;CHEŁM
Miłosna;Miłosna;;5;JASIEŃ
Miłosza;Czesława Miłosza;;6;UJEŚCISKO-ŁOSTOWICE
Minerwy;Minerwy;;5;OSOWA
Minogi;Minogi;;2;ŚRÓDMIEŚCIE
Miodowa;Miodowa;;1;OLSZYNKA
Mirachowska;Mirachowska;;5;KOKOSZKI
Mirandy;Mirandy;;5;OSOWA
Miraua;Stefana Miraua;;5;OLIWA
Miszewskiego;ks. Leona Miszewskiego;;3;WRZESZCZ GÓRNY
Młodzieży Polskiej;Młodzieży Polskiej;;3;BRZEŹNO
Młyńska;Młyńska;;2;ŚRÓDMIEŚCIE
Mniszki;Mniszki;;2;ŚRÓDMIEŚCIE
Modra;Modra;;1;OLSZYNKA
Modrzejewskiej;Heleny Modrzejewskiej;;1;WYSPA SOBIESZEWSKA
Modrzewiowa;Modrzewiowa;;3;WRZESZCZ DOLNY
Modrzewskiego;Andrzeja Modrzewskiego;;3;WRZESZCZ DOLNY
Mokra;Mokra;;2;ŚRÓDMIEŚCIE
Moniuszki;Stanisława Moniuszki;;3;STRZYŻA
Montażystów;Montażystów;;5;KOKOSZKI
Morawska;Morawska;;4;PRZYMORZE MAŁE
Morelowa;Morelowa;;5;JASIEŃ
Morenowa;Morenowa;;6;PIECKI-MIGOWO
Morenowe Wzgórze;Morenowe Wzgórze;;6;PIECKI-MIGOWO
Morska;Morska;;5;ŻABIANKA-WEJHERA-JELITKOWO-TYSIĄCLECIA
Mostek;Mostek;;2;ŚRÓDMIEŚCIE
Mostowa;Mostowa;;1;ORUNIA-ŚW. WOJCIECH-LIPCE
Motławska;Motławska;;2;ŚRÓDMIEŚCIE
Mozarta;Wolfganga Mozarta;;6;SUCHANINO
Mrongowiusza;Krzysztofa Mrongowiusza;;1;KRAKOWIEC-GÓRKI ZACHODNIE
Mściwoja II;Mściwoja II;;4;PRZYMORZE MAŁE
Muzyka;Feliksa Muzyka;;1;CHEŁM
Myczkowskiego;prof. Stefana Myczkowskiego;;6;PIECKI-MIGOWO
Mydlarska;Mydlarska;;2;ŚRÓDMIEŚCIE
Mylna;Mylna;;2;NOWY PORT
Myśliborska;Myśliborska;;5;OSOWA
Myśliwska;Myśliwska;1-19;6;UJEŚCISKO-ŁOSTOWICE
Myśliwska;Myśliwska;20 do końca;6;PIECKI-MIGOWO
Myśliwskie Wzgórze;Myśliwskie Wzgórze;;6;PIECKI-MIGOWO
Na Ostrowiu;Na Ostrowiu;;2;MŁYNISKA
Na Piaskach;Na Piaskach;;2;ŚRÓDMIEŚCIE
Na Stępce;Na Stępce;;2;ŚRÓDMIEŚCIE
Na Stoku;Na Stoku;;2;ŚRÓDMIEŚCIE
Na Szańcach;Na Szańcach;;1;OLSZYNKA
Na Wzgórzu;Na Wzgórzu;;3;WRZESZCZ GÓRNY
Na Zaspę;Na Zaspę;;2;NOWY PORT
Na Zboczu;Na Zboczu;;6;SIEDLCE
Nabrzeże Wiślane;Nabrzeże Wiślane;Inne;2;STOGI
Nabrzeże WOC I;Nabrzeże WOC I;Inne;2;STOGI
Nabrzeże WOC II;Nabrzeże WOC II;Inne;2;STOGI
Nad Brzegiem;Nad Brzegiem;3;1;KRAKOWIEC-GÓRKI ZACHODNIE
Nad Brzegiem;Nad Brzegiem;1A;2;STOGI
Nad Jarem;Nad Jarem;;6;SIEDLCE
Nad Potokiem;Nad Potokiem;;1;CHEŁM
Nad Starą Radunią;Nad Starą Radunią;;1;ORUNIA-ŚW. WOJCIECH-LIPCE
Nad Stawem;Nad Stawem;;3;WRZESZCZ DOLNY
Nadmorska;Nadmorska;;5;ŻABIANKA-WEJHERA-JELITKOWO-TYSIĄCLECIA
Nadmorski Dwór;Nadmorski Dwór;;3;BRZEŹNO
Nadwiślańska;Nadwiślańska;;1;WYSPA SOBIESZEWSKA
Nadwodna;Nadwodna;;5;OLIWA
Naftowa;Naftowa;;1;RUDNIKI
Nagietkowa;Nagietkowa;;5;KOKOSZKI
Nagórskiego;Jana Nagórskiego;;4;ZASPA-MŁYNIEC
Nakielska;Nakielska;;1;ORUNIA-ŚW. WOJCIECH-LIPCE
Nałkowskiej;Zofii Nałkowskiej;;6;PIECKI-MIGOWO
Narciarska;Narciarska;;1;CHEŁM
Narcyzowa;Narcyzowa;;1;WYSPA SOBIESZEWSKA
Narewska;Narewska;;6;SIEDLCE
Narutowicza;Gabriela Narutowicza;;3;WRZESZCZ GÓRNY
Narwicka;Narwicka;;2;LETNICA
Nawigatorów;Nawigatorów;;5;OSOWA
Necla;Augustyna Necla;;4;ZASPA-ROZSTAJE
Neptuna;Neptuna;;5;OSOWA
Nidzicka;Nidzicka;;6;SIEDLCE
Nieborowska;Nieborowska;;1;CHEŁM
Niecała;Niecała;;2;LETNICA
Niedziałkowskiego;Mieczysława Niedziałkowskiego;;5;OSOWA
Niedźwiednik;Niedźwiednik;;6;BRĘTOWO
Niegocińska;Niegocińska;;5;KOKOSZKI
Niegowo;Niegowo;;1;ORUNIA-ŚW. WOJCIECH-LIPCE
Niegowska;Niegowska;;1;ORUNIA-ŚW. WOJCIECH-LIPCE
Niemcewicza;Juliana Niemcewicza;;3;WRZESZCZ DOLNY
Niepołomicka;Niepołomicka;;1;CHEŁM
Niezapominajek;Niezapominajek;;1;OLSZYNKA
Nike;Nike;;5;OSOWA
Niska;Niska;;2;STOGI
Niwki;Niwki;;1;OLSZYNKA
Noakowskiego;Stanisława Noakowskiego;;5;OLIWA
Nobla;Alfreda Nobla;;6;PIECKI-MIGOWO
Norblina;Piotra Norblina;;6;VII DWÓR
Norwida;Cypriana Kamila Norwida;;3;WRZESZCZ GÓRNY
Noskowskiego;Zygmunta Noskowskiego;;6;SUCHANINO
Notecka;Notecka;;6;SIEDLCE
Nowa;Nowa;;5;OSOWA
Nowatorów;Nowatorów;;5;KOKOSZKI
Nowe Ogrody;Nowe Ogrody;;2;ŚRÓDMIEŚCIE
Nowickiego;bpa. Edmunda Nowickiego;;5;OLIWA
Nowiec;Nowiec;;6;BRĘTOWO
Nowiny;Nowiny;;1;ORUNIA-ŚW. WOJCIECH-LIPCE
Nowogródzka;Nowogródzka;;1;WZGÓRZE MICKIEWICZA
Nowolipie;Nowolipie;;6;SIEDLCE
Nowomiejska;Nowomiejska;;2;ŚRÓDMIEŚCIE
Nowosądecka;Nowosądecka;;6;UJEŚCISKO-ŁOSTOWICE
Nowotna;Nowotna;;2;STOGI
Nowowiejskiego;Feliksa Nowowiejskiego;;3;STRZYŻA
Nowy Świat;Nowy Świat;;5;OSOWA
Obotrycka;Obotrycka;;4;PRZYMORZE MAŁE
Obrońców Westerplatte;Obrońców Westerplatte;;5;OLIWA
Obrońców Wybrzeża;Obrońców Wybrzeża;;4;PRZYMORZE WIELKIE
Obywatelska;Obywatelska;;3;WRZESZCZ GÓRNY
Odrzańska;Odrzańska;;1;CHEŁM
Odyseusza;Odyseusza;;5;OSOWA
Ofiar Grudnia’70;Ofiar Grudnia’70;;1;CHEŁM
Ogarna;Ogarna;;2;ŚRÓDMIEŚCIE
Ogińskiego;Michała Ogińskiego;;6;SIEDLCE
Ogrodowa;Ogrodowa;;6;BRĘTOWO
Ogryczaków;Romana i Apolonii Ogryczaków;;6;VII DWÓR
Ojcowska;Ojcowska;;6;SIEDLCE
Okopowa;Okopowa;;2;ŚRÓDMIEŚCIE
Okólna;Okólna;;5;KOKOSZKI
Okrąg;Okrąg;;2;MŁYNISKA
Okrętowa;Okrętowa;;5;OSOWA
Okrzei;Stefana Okrzei;;3;WRZESZCZ DOLNY
Oksywska;Oksywska;;3;BRZEŹNO
Okulickiego;gen. Leopolda Okulickiego;;1;CHEŁM
Olchowa;Olchowa;;6;UJEŚCISKO-ŁOSTOWICE
Olejarna;Olejarna;;2;ŚRÓDMIEŚCIE
Olimpijska;Olimpijska;;1;CHEŁM
Oliwkowa;Oliwkowa;;5;JASIEŃ
Oliwska;Oliwska;;2;NOWY PORT
Olszewskiego;Karola Olszewskiego;;3;WRZESZCZ GÓRNY
Olsztyńska;Olsztyńska;;4;PRZYMORZE WIELKIE
Olszyńska;Olszyńska;;1;OLSZYNKA
Ołowianka;Ołowianka;;2;ŚRÓDMIEŚCIE
Opacka;Opacka;;5;OLIWA
Opłotki;Opłotki;;1;RUDNIKI
Opolska;Opolska;;4;PRZYMORZE WIELKIE
Orańska;Orańska;;6;PIECKI-MIGOWO
Orfeusza;Orfeusza;;5;OSOWA
Oriona;Oriona;;5;OSOWA
Orkana;Władysława Orkana;;5;OLIWA
Orla;Orla;;3;BRZEŹNO
Orląt Lwowskich;Orląt Lwowskich;;6;UJEŚCISKO-ŁOSTOWICE
Orłowska;Orłowska;;5;ŻABIANKA-WEJHERA-JELITKOWO-TYSIĄCLECIA
Orłowskiego;Aleksandra Orłowskiego;;6;VII DWÓR
Ornitologów;Ornitologów;;1;WYSPA SOBIESZEWSKA
Orzechowa;Orzechowa;;5;JASIEŃ
Orzeszkowej;Elizy Orzeszkowej;;3;ANIOŁKI
Osiedle;Osiedle;;1;OLSZYNKA
Osiedlowa;Osiedlowa;;5;KOKOSZKI
Osiek;Osiek;;2;ŚRÓDMIEŚCIE
Osowski Zakątek;Osowski Zakątek;;5;OSOWA
Osterwy;Juliusza Osterwy;;3;BRZEŹNO
Ostrołęcka;Ostrołęcka;;6;UJEŚCISKO-ŁOSTOWICE
Ostroroga;Jana Ostroroga;;3;WRZESZCZ DOLNY
Ostrowskiej;Róży Ostrowskiej;;3;WRZESZCZ GÓRNY
Ostróżek;Ostróżek;;1;OLSZYNKA
Ostrzycka;Ostrzycka;;5;JASIEŃ
Osty;Osty;;1;RUDNIKI
Otago;Otago;;5;OSOWA
Otomińska;Otomińska;;5;KOKOSZKI
Otwarta;Otwarta;;6;SUCHANINO
Owczarnia;Owczarnia;;5;OSOWA
Owsiana;Owsiana;;2;ŚRÓDMIEŚCIE
Ozyrysa;Ozyrysa;;5;OSOWA
Pachołów;Pachołów;;2;ŚRÓDMIEŚCIE
Paderewskiego;Ignacego Paderewskiego;;6;SUCHANINO
Paganiniego;Niccola Paganiniego;;6;SUCHANINO
Pagórkowa;Pagórkowa;;6;UJEŚCISKO-ŁOSTOWICE
Pana Tadeusza;Pana Tadeusza;;1;WZGÓRZE MICKIEWICZA
Paneckiego;dr. Władysława Paneckiego;;6;VII DWÓR
Panieńska;Panieńska;;2;ŚRÓDMIEŚCIE
Pankiewicza;Józefa Pankiewicza;;6;SIEDLCE
Pańska;Pańska;;2;ŚRÓDMIEŚCIE
Park Akademicki;Park Akademicki;Inne;3;WRZESZCZ GÓRNY
Park Brzeźnieński;Park Brzeźnieński im. Jana Jerzego Haffnera;Inne;3;BRZEŹNO
Park Grodzisko;Park Kultury i Wypoczynku „Grodzisko”;Inne;2;ŚRÓDMIEŚCIE
Park Jana Pawła II;Park im. Jana Pawła II;Inne;4;ZASPA-ROZSTAJE
Park Jelitkowski;Park Jelitkowski;Inne;5;ŻABIANKA-WEJHERA-JELITKOWO-TYSIĄCLECIA
Park Millenium Gdańska;Park Millenium Gdańska;Inne;4;ZASPA-ROZSTAJE
Park Nadmorski;Park Nadmorski Prezydenta Ronalda Reagana;Inne;5;ŻABIANKA-WEJHERA-JELITKOWO-TYSIĄCLECIA
Park Oliwski;Park Oliwski im. Adama Mickiewicza;Inne;5;OLIWA
Park Orkusza;Park Ks. Kanonika Kazimierza Orkusza;Inne;2;LETNICA
Park Oruński;Park Oruński;Inne;1;ORUNIA-ŚW. WOJCIECH-LIPCE
Park Steffensów;Park im. Steffensów;Inne;3;ANIOŁKI
Park XXV-lecia PRL;Park XXV-lecia Polskiej Rzeczypospolitej Ludowej;Inne;3;ANIOŁKI
Parkingowa;Parkingowa;;5;OSOWA
Parkowa;Parkowa;;5;OSOWA
Parterowa;Parterowa;;5;OSOWA
Partyzantów;Partyzantów;;3;WRZESZCZ GÓRNY
Parysa;Parysa;;5;OSOWA
Pascala;Blaise’a Pascala;;6;PIECKI-MIGOWO
Pasieczna;Pasieczna;;1;OLSZYNKA
Paska;Jana Chryzostoma Paska;;6;SIEDLCE
Pastelowa;Pastelowa;;1;CHEŁM
Pasteura;Ludwika Pasteura;;6;PIECKI-MIGOWO
Pastoriusza;Joachima Pastoriusza;;2;PRZERÓBKA
Pawia;Pawia;;2;STOGI
Pawłowskiego;Stanisława Pawłowskiego;;3;WRZESZCZ GÓRNY
PCK;Polskiego Czerwonego Krzyża;;3;BRZEŹNO
Pegaza;Pegaza;;5;OSOWA
Pelczara;Mariana Pelczara;;5;JASIEŃ
Pelplińska;Pelplińska;;5;ŻABIANKA-WEJHERA-JELITKOWO-TYSIĄCLECIA
Penelopy;Penelopy;;5;OSOWA
Perłowa;Perłowa;;1;ORUNIA-ŚW. WOJCIECH-LIPCE
Perseusza;Perseusza;;5;OSOWA
Pestalozziego;Jana Pestalozziego;;3;WRZESZCZ DOLNY
Piaskowa;Piaskowa;;1;ORUNIA-ŚW. WOJCIECH-LIPCE
Piastowska;Piastowska;1-18;5;OLIWA
Piastowska;Piastowska;19-107, 20-88;4;PRZYMORZE MAŁE
Piastowska;Piastowska;90-108;4;PRZYMORZE WIELKIE
Piastowska;Piastowska;109 do końca;5;ŻABIANKA-WEJHERA-JELITKOWO-TYSIĄCLECIA
Piecewska;Piecewska;;6;PIECKI-MIGOWO
Piekarnicza;Piekarnicza;;6;PIECKI-MIGOWO
Pienińska;Pienińska;;6;UJEŚCISKO-ŁOSTOWICE
Pienkowskiej;Aliny Pienkowskiej;;1;CHEŁM
Piesza;Piesza;;1;WYSPA SOBIESZEWSKA
Pileckiego;Szczepana Pileckiego;;3;WRZESZCZ GÓRNY
Pilotów;Pilotów;;4;ZASPA-MŁYNIEC
Piłkarska;Piłkarska;;1;CHEŁM
Piotrkowska;Piotrkowska;;6;UJEŚCISKO-ŁOSTOWICE
Piramowicza;Grzegorza Piramowicza;;3;WRZESZCZ GÓRNY
Pirs Paliwowy;Pirs Paliwowy;Inne;2;STOGI
Pirs Rudowy;Pirs Rudowy;Inne;2;STOGI
Pirs Węglowy;Pirs Węglowy;Inne;2;STOGI
Piwna;Piwna;;2;ŚRÓDMIEŚCIE
Piwonii;Piwonii;;1;OLSZYNKA
Plac Dominikański;Plac Dominikański;;2;ŚRÓDMIEŚCIE
Plac Dworcowy;Plac Dworcowy;;5;OLIWA
Plac Dwóch Miast;Plac Dwóch Miast;;5;ŻABIANKA-WEJHERA-JELITKOWO-TYSIĄCLECIA
Plac Gustkowicza;Plac ks. prałata Jana Gustkowicza;;2;NOWY PORT
Plac Inwalidów Wojennych;Plac Inwalidów Wojennych;;5;OLIWA
Plac Kobzdeja;Plac Dariusza Kobzdeja;;2;ŚRÓDMIEŚCIE
Plac Kołodziejskiego;Plac Jerzego Kołodziejskiego;;3;WRZESZCZ GÓRNY
Plac Komorowskiego;Plac ks. Bronisława Komorowskiego;;3;WRZESZCZ DOLNY
Plac Maczka;Plac gen. Stanisława Maczka;;3;STRZYŻA
Plac Michalaka;Plac dr. Stefana Michalaka;;3;ANIOŁKI
Plac Najświętszej Maryi Panny;Plac Najświętszej Maryi Panny;;4;PRZYMORZE MAŁE
Plac O’Rourke;Plac bpa. Edwarda O’Rourke;;3;WRZESZCZ DOLNY
Plac Obrońców Poczty Polskiej;Plac Obrońców Poczty Polskiej;;2;ŚRÓDMIEŚCIE
Plac Oruński;Plac Oruński;;1;ORUNIA-ŚW. WOJCIECH-LIPCE
Plac Piłsudskiego;Plac marsz. Józefa Piłsudskiego;;3;STRZYŻA
Plac Polaka;Plac Tadeusza Polaka;;2;ŚRÓDMIEŚCIE
Plac Solidarności;Plac Solidarności;;2;ŚRÓDMIEŚCIE
Plac św. Jana Apostoła;Plac św. Jana Apostoła;;5;OSOWA
Plac Trzeciego Tysiąclecia;Plac Trzeciego Tysiąclecia;;4;ZASPA-ROZSTAJE
Plac Wałowy;Plac Wałowy;;2;ŚRÓDMIEŚCIE
Plac Wybickiego;Plac gen. Józefa Wybickiego;;3;WRZESZCZ DOLNY
Plac Wyszyńskiego;Plac kardynała Stefana Wyszyńskiego;;5;ŻABIANKA-WEJHERA-JELITKOWO-TYSIĄCLECIA
Plac Zator- Przytockiego;Plac ks. Józefa Zator- Przytockiego;;2;ŚRÓDMIEŚCIE
Plac Zebrań Ludowych;Plac Zebrań Ludowych;;3;ANIOŁKI
Planetarna;Planetarna;;5;OSOWA
Plater;Emilii Plater;;3;BRZEŹNO
Platynowa;Platynowa;;1;CHEŁM
Plebania;Plebania;;2;ŚRÓDMIEŚCIE
Plejady;Plejady;;5;OSOWA
Plutona;Plutona;;5;OSOWA
Płocka;Płocka;;6;UJEŚCISKO-ŁOSTOWICE
Płońska;Płońska;;1;RUDNIKI
Płowce;Płowce;;3;ANIOŁKI
Pniewskiego;Władysława Pniewskiego;;3;WRZESZCZ GÓRNY
Po Schodkach;Po Schodkach;;1;ORUNIA-ŚW. WOJCIECH-LIPCE
Pobiedzisko;Pobiedzisko;;6;SIEDLCE
Pocztowa;Pocztowa;;2;ŚRÓDMIEŚCIE
Poczty Gdańskiej;Poczty Gdańskiej;;5;OLIWA
Pod Zrębem;Pod Zrębem;;2;ŚRÓDMIEŚCIE
Podbielańska;Podbielańska;;2;ŚRÓDMIEŚCIE
Podchorążych;Podchorążych;;5;MATARNIA
Podgarbary;Podgarbary;;2;ŚRÓDMIEŚCIE
Podhalańska;Podhalańska;;5;OLIWA
Podjazd;Podjazd;;2;NOWY PORT
Podkarpacka;Podkarpacka;;6;BRĘTOWO
Podkomorzego;Podkomorzego;;1;WZGÓRZE MICKIEWICZA
Podkramarska;Podkramarska;;2;ŚRÓDMIEŚCIE
Podleckiego;Zbigniewa Podleckiego;;1;CHEŁM
Podleśna;Podleśna;;3;WRZESZCZ GÓRNY
Podmiejska;Podmiejska;;1;ORUNIA-ŚW. WOJCIECH-LIPCE
Podmłyńska;Podmłyńska;;2;ŚRÓDMIEŚCIE
Podmurze;Podmurze;;2;ŚRÓDMIEŚCIE
Podstoczna;Podstoczna;;2;ŚRÓDMIEŚCIE
Podwale Grodzkie;Podwale Grodzkie;;2;ŚRÓDMIEŚCIE
Podwale Przedmiejskie;Podwale Przedmiejskie;;2;ŚRÓDMIEŚCIE
Podwale Staromiejskie;Podwale Staromiejskie;;2;ŚRÓDMIEŚCIE
Podzamcze;Podzamcze;;2;ŚRÓDMIEŚCIE
Pogodna;Pogodna;;1;WYSPA SOBIESZEWSKA
Pohoreckiego;ppłk. Pohoreckiego;;1;WYSPA SOBIESZEWSKA
Pohulanka;Pohulanka;;1;CHEŁM
Poinca;kpt. ż.w. Witolda Poinca;;2;STOGI
Pokładowa;Pokładowa;;2;PRZERÓBKA
Pokoleń Lechii Gdańsk;Pokoleń Lechii Gdańsk;;2;LETNICA
Pola;Wincentego Pola;;3;WRZESZCZ GÓRNY
Polanki;Polanki;59-118;6;VII DWÓR
Polanki;Polanki;1-58, 119-136;5;OLIWA
Poleska;Poleska;;1;ORUNIA-ŚW. WOJCIECH-LIPCE
Politechniczna;Politechniczna;;3;WRZESZCZ GÓRNY
Polna;Polna;;2;ŚRÓDMIEŚCIE
Polonii Gdańskiej;Polonii Gdańskiej;;4;ZASPA-ROZSTAJE
Połęże;Połęże;;1;RUDNIKI
Południowa;Południowa;;3;BRZEŹNO
Pomorska;Pomorska;1-7;5;OLIWA
Pomorska;Pomorska;8 do końca;5;ŻABIANKA-WEJHERA-JELITKOWO-TYSIĄCLECIA
Pomyślna;Pomyślna;;5;JASIEŃ
Poniatowskiego;księcia Józefa Poniatowskiego;;3;ANIOŁKI
Pończoszników;Pończoszników;;2;ŚRÓDMIEŚCIE
Popradzka;Popradzka;;6;SIEDLCE
Poprzeczna;Poprzeczna;;3;WRZESZCZ DOLNY
Porębskiego;Kazimierza Porębskiego;;6;UJEŚCISKO-ŁOSTOWICE
Portowców;Portowców;;3;BRZEŹNO
Porzeczkowa;Porzeczkowa;;5;KOKOSZKI
Posejdona;Posejdona;;5;OSOWA
Potęgowska;Potęgowska;;5;JASIEŃ
Potokowa;Potokowa;;6;BRĘTOWO
Potyrały;Aleksandra Potyrały;;6;VII DWÓR
Powalna;Powalna;;2;ŚRÓDMIEŚCIE
Powroźnicza;Powroźnicza;;2;ŚRÓDMIEŚCIE
Powstania Kościuszkowskiego;Powstania Kościuszkowskiego;;6;PIECKI-MIGOWO
Powstania Listopadowego;Powstania Listopadowego;;6;PIECKI-MIGOWO
Powstania Styczniowego;Powstania Styczniowego;;6;PIECKI-MIGOWO
Powstańców Warszawskich;Powstańców Warszawskich;12-52;3;ANIOŁKI
Powstańców Warszawskich;Powstańców Warszawskich;1-41, 61-69;6;SIEDLCE
Powstańców Warszawskich;Powstańców Warszawskich;49-53, 66-70;6;SUCHANINO
Powstańców Wielkopolskich;Powstańców Wielkopolskich;;4;ZASPA-ROZSTAJE
Poziomkowa;Poziomkowa;;5;KOKOSZKI
Poznańska;Poznańska;;4;PRZYMORZE MAŁE
Pożarnicza;Pożarnicza;;2;ŚRÓDMIEŚCIE
Pólnicy;Pólnicy;;5;JASIEŃ
Północna;Północna;;3;BRZEŹNO
Profesorska;Profesorska;;2;ŚRÓDMIEŚCIE
Prometeusza;Prometeusza;;5;OSOWA
Promienista;Promienista;;1;WYSPA SOBIESZEWSKA
Promowa;Promowa;;2;PRZERÓBKA
Prosta;Prosta;;1;RUDNIKI
Protazego;Protazego;;1;WZGÓRZE MICKIEWICZA
Próżna;Próżna;;3;WRZESZCZ DOLNY
Prusa;Bolesława Prusa;;3;WRZESZCZ DOLNY
Przebiśniegowa;Przebiśniegowa;;6;UJEŚCISKO-ŁOSTOWICE
Przegalińska;Przegalińska;;1;WYSPA SOBIESZEWSKA
Przełom;Przełom;;1;KRAKOWIEC-GÓRKI ZACHODNIE
Przemian;Przemian;;1;CHEŁM
Przemyska;Przemyska;;6;UJEŚCISKO-ŁOSTOWICE
Przemysłowa;Przemysłowa;;2;NOWY PORT
Przesmyk;Przesmyk;;2;ŚRÓDMIEŚCIE
Przetoczna;Przetoczna;;2;PRZERÓBKA
Przędzalnicza;Przędzalnicza;;2;ŚRÓDMIEŚCIE
Przy Torze;Przy Torze;;1;ORUNIA-ŚW. WOJCIECH-LIPCE
Przybrzeżna;Przybrzeżna;;1;ORUNIA-ŚW. WOJCIECH-LIPCE
Przyjaciół;Przyjaciół;;2;NOWY PORT
Przyjazna;Przyjazna;;5;JASIEŃ
Przyjemna;Przyjemna;;1;ORUNIA-ŚW. WOJCIECH-LIPCE
Przyokopowa;Przyokopowa;;2;ŚRÓDMIEŚCIE
Przyrodników;Przyrodników;;5;KOKOSZKI
Przytulna;Przytulna;;5;JASIEŃ
Przywidzka;Przywidzka;;5;JASIEŃ
Pstrowskiego;Wincentego Pstrowskiego;;3;WRZESZCZ DOLNY
Pszenna;Pszenna;;2;ŚRÓDMIEŚCIE
Ptasia;Ptasia;30, 30A;1;CHEŁM
Ptasia;Ptasia;1-29, 2-22A;1;ORUNIA-ŚW. WOJCIECH-LIPCE
Pucka;Pucka;;4;PRZYMORZE MAŁE
Pułaskiego;Kazimierza Pułaskiego;;3;BRZEŹNO
Pusta;Pusta;;1;OLSZYNKA
Puszkina;Aleksandra Puszkina;;3;WRZESZCZ GÓRNY
Rabatki;Rabatki;;5;OSOWA
Raciborskiego;prof. Mariana Raciborskiego;;6;PIECKI-MIGOWO
Racławicka;Racławicka;;3;WRZESZCZ DOLNY
Radarowa;Radarowa;;5;MATARNIA
Radiowa;Radiowa;;5;MATARNIA
Radna;Radna;;2;ŚRÓDMIEŚCIE
Radomska;Radomska;;6;UJEŚCISKO-ŁOSTOWICE
Radosna;Radosna;;1;WYSPA SOBIESZEWSKA
Radunicka;Radunicka;;1;ORUNIA-ŚW. WOJCIECH-LIPCE
Raduńska;Raduńska;;1;ORUNIA-ŚW. WOJCIECH-LIPCE
Rajska;Rajska;;2;ŚRÓDMIEŚCIE
Rakietowa;Rakietowa;;5;KOKOSZKI
Rakoczego;Franciszka Rakoczego;;6;PIECKI-MIGOWO
Ramułta;Stefana Ramułta;;1;ORUNIA-ŚW. WOJCIECH-LIPCE
Reduta Dzik;Reduta Dzik;;2;ŚRÓDMIEŚCIE
Reduta Miejska;Reduta Miejska;;2;ŚRÓDMIEŚCIE
Reduta Miś;Reduta Miś;;2;ŚRÓDMIEŚCIE
Reduta Wilk;Reduta Wilk;;2;ŚRÓDMIEŚCIE
Reduta Wyskok;Reduta Wyskok;;2;ŚRÓDMIEŚCIE
Reduta Żbik;Reduta Żbik;;2;ŚRÓDMIEŚCIE
Refektarska;Refektarska;;2;ŚRÓDMIEŚCIE
Reformacka;Reformacka;;1;CHEŁM
Regatowa;Regatowa;;5;OSOWA
Reja;Mikołaja Reja;3, 24 do końca;2;MŁYNISKA
Reja;Mikołaja Reja;9-22;3;WRZESZCZ DOLNY
Rejenta;Rejenta;;1;WZGÓRZE MICKIEWICZA
Rejtana;Tadeusza Rejtana;;1;ORUNIA-ŚW. WOJCIECH-LIPCE
Rekowska;Rekowska;;5;JASIEŃ
Relaksowa;Relaksowa;;5;OSOWA
Remusa;Remusa;;5;JASIEŃ
Renesansowa;Renesansowa;;3;WRZESZCZ GÓRNY
Reymonta;Władysława Reymonta;;3;WRZESZCZ GÓRNY
Robotnicza;Robotnicza;;2;ŚRÓDMIEŚCIE
Rodakowskiego;Henryka Rodakowskiego;;6;VII DWÓR
Rodzinna;Rodzinna;;3;WRZESZCZ GÓRNY
Rogaczewskiego;ks. Franciszka Rogaczewskiego;;2;ŚRÓDMIEŚCIE
Rogalińska;Rogalińska;;1;CHEŁM
Rokitnikowa;Rokitnikowa;;5;KOKOSZKI
Rolna;Rolna;;3;STRZYŻA
Romana Wyrobka;Romana Wyrobka;;6;PIECKI-MIGOWO
Romańska;Romańska;;3;WRZESZCZ GÓRNY
Romera;Eugeniusza Romera;;3;WRZESZCZ GÓRNY
Rondo de La Salle;Rondo im. Św. Jana de La Salle;Inne;6;BRĘTOWO
Rondo Hakenbergera;Rondo im. Andrzeja Hakenbergera;Inne;6;PIECKI-MIGOWO
Rondo Hakenbergera;Rondo im. Andrzeja Hakenbergera;Inne;6;SUCHANINO
Rondo Kaczmarskiego;Rondo im. Jacka Kaczmarskiego;Inne;5;MATARNIA
Rondo Kuronia;Rondo Jacka Kuronia;Inne;6;UJEŚCISKO-ŁOSTOWICE
Rosiczki;Rosiczki;;6;UJEŚCISKO-ŁOSTOWICE
Rozłogi;Rozłogi;;2;STOGI
Rozrażewskiego;bpa. Hieronima Rozrażewskiego;;1;CHEŁM
Rozwojowa;Rozwojowa;;5;KOKOSZKI
Równa;Równa;;1;ORUNIA-ŚW. WOJCIECH-LIPCE
Różana;Różana;;2;ŚRÓDMIEŚCIE
Różany Stok;Różany Stok;;5;KOKOSZKI
Różyckiego;Ludomira Różyckiego;;3;STRZYŻA
Rubinowa;Rubinowa;;1;ORUNIA-ŚW. WOJCIECH-LIPCE
Rufowa;Rufowa;;1;WYSPA SOBIESZEWSKA
Rumiankowa;Rumiankowa;;5;KOKOSZKI
Rumla;Zygmunta Rumla;;1;CHEŁM
Rusałki;Rusałki;;1;WZGÓRZE MICKIEWICZA
Rybacka;Rybacka;;5;ŻABIANKA-WEJHERA-JELITKOWO-TYSIĄCLECIA
Rybackie Pobrzeże;Rybackie Pobrzeże;;2;ŚRÓDMIEŚCIE
Rybaki Dolne;Rybaki Dolne;;2;ŚRÓDMIEŚCIE
Rybaki Górne;Rybaki Górne;;2;ŚRÓDMIEŚCIE
Rybińskiego;Jana Rybińskiego;;1;KRAKOWIEC-GÓRKI ZACHODNIE
Rybińskiego;Opata Jacka Rybińskiego;;5;OLIWA
Rybitwy;Rybitwy;;2;LETNICA
Rybna;Rybna;;2;STOGI
Rybołowców;Rybołowców;;2;NOWY PORT
Rycerska;Rycerska;;2;ŚRÓDMIEŚCIE
Rycerza Blizbora;Rycerza Blizbora;;5;JASIEŃ
Rydygiera;Ludwika Rydygiera;;1;CHEŁM
Rylkego;Aleksandra Rylkego;;6;VII DWÓR
Rysia;Rysia;;5;JASIEŃ
Rzączyńskiego;Gabriela Rzączyńskiego;;1;CHEŁM
Rzeczna;Rzeczna;;1;ORUNIA-ŚW. WOJCIECH-LIPCE
Rzeczypospolitej;Aleja Rzeczypospolitej;strona niezamieszkała;4;PRZYMORZE MAŁE
Rzeczypospolitej;Aleja Rzeczypospolitej;1-13;4;PRZYMORZE WIELKIE
Rzeczypospolitej;Aleja Rzeczypospolitej;strona wsch. Niezamieszkała;4;ZASPA-ROZSTAJE
Rzeczypospolitej;Aleja Rzeczypospolitej;strona zach. Niezamieszkała;4;ZASPA-MŁYNIEC
Rzepichy;Rzepichy;;4;PRZYMORZE MAŁE
Rzeźnicka;Rzeźnicka;;2;ŚRÓDMIEŚCIE
Rzęsna;Rzęsna;;1;RUDNIKI
Sadowa;Sadowa;;2;ŚRÓDMIEŚCIE
Salwator;Salwator;;2;ŚRÓDMIEŚCIE
Sambora;Sambora;;4;PRZYMORZE MAŁE
Sandomierska;Sandomierska;;1;ORUNIA-ŚW. WOJCIECH-LIPCE
Saneczkarska;Saneczkarska;;1;CHEŁM
Sanocka;Sanocka;;6;SIEDLCE
Saperów;Saperów;;3;WRZESZCZ DOLNY
Sarnia;Sarnia;;5;OLIWA
Sasankowa;Sasankowa;;6;UJEŚCISKO-ŁOSTOWICE
Satelitarna;Satelitarna;;5;MATARNIA
Saturna;Saturna;;5;OSOWA
Sąsiedzka;Sąsiedzka;;5;MATARNIA
Schopenhauera;Artura Schopenhauera;;5;OLIWA
Schuberta;Franciszka Schuberta;;6;SUCHANINO
Schumana;Roberta Schumana;;6;SUCHANINO
Secesyjna;Secesyjna;;3;WRZESZCZ GÓRNY
Seleny;Seleny;;5;OSOWA
Sempołowskiej;Stefanii Sempołowskiej;;2;ŚRÓDMIEŚCIE
Sendlerowej;Ireny Sendlerowej;;1;CHEŁM
Serbska;Serbska;;1;ORUNIA-ŚW. WOJCIECH-LIPCE
Serdeczna;Serdeczna;;5;JASIEŃ
Seredyńskiego;Mariana Seredyńskiego;;2;ŚRÓDMIEŚCIE
Sianowska;Sianowska;;5;KOKOSZKI
Siedleckiego;prof. Michała Siedleckiego;;5;OSOWA
Siedlicka;Siedlicka;;3;WRZESZCZ GÓRNY
Sielska;Sielska;;2;LETNICA
Siemiradzkiego;Henryka Siemiradzkiego;;6;VII DWÓR
Sienkiewicza;Henryka Sienkiewicza;;3;WRZESZCZ GÓRNY
Sienna;Sienna;2-26, 1-39;2;PRZERÓBKA
Sienna;Sienna;28 do końca parz., 41 do końca nieparz.;2;STOGI
Sienna Grobla;Sienna Grobla;;2;ŚRÓDMIEŚCIE
Siennicka;Siennicka;10-27, bez 23;2;PRZERÓBKA
Siennicka;Siennicka;1-5, 30 do końca;2;ŚRÓDMIEŚCIE
Sierakowicka;Sierakowicka;;5;KOKOSZKI
Sieroca;Sieroca;;2;ŚRÓDMIEŚCIE
Sierpniowa;Sierpniowa;;5;KOKOSZKI
Sierpowa;Sierpowa;;1;OLSZYNKA
Sikorskiego;Aleja gen.Władysława Sikorskiego;;1;CHEŁM
Sitowie;Sitowie;;1;RUDNIKI
Skarpowa;Skarpowa;;6;SIEDLCE
Skarżyńskiego;Stanisława Skarżyńskiego;;4;ZASPA-MŁYNIEC
Skiby;Skiby;;2;STOGI
Skłodowskiej-Curie;Marii Skłodowskiej-Curie;;3;ANIOŁKI
Skrajna;Skrajna;;6;SIEDLCE
Skwer Gałuszki;Skwer prof. Pawła Gałuszki;Inne;3;STRZYŻA
Skwer Harcerzy Polskich;Skwer im. Harcerzy Polskich w b. Wolnym Mieście Gdańsku;Inne;2;ŚRÓDMIEŚCIE
Skwer Jankowskiego;Skwer księdza Henryka Jankowskiego;Inne;2;ŚRÓDMIEŚCIE
Skwer Kolbergera;Skwer Krzysztofa Kolbergera;Inne;3;STRZYŻA
Skwer Niemena;Skwer im. Czesława Niemena;Inne;2;ŚRÓDMIEŚCIE
Skwer Wilczewskiego;Skwer Ignacego Wilczewskiego;Inne;6;SIEDLCE
Słabego;mjr. Mieczysława Słabego;;5;MATARNIA
Słodowników;Słodowników;;2;ŚRÓDMIEŚCIE
Słomiana;Słomiana;;2;ŚRÓDMIEŚCIE
Słoneczna;Słoneczna;;5;OLIWA
Słoneczna Dolina;Słoneczna Dolina;;6;UJEŚCISKO-ŁOSTOWICE
Słonecznikowa;Słonecznikowa;;1;OLSZYNKA
Słonimskiego;Antoniego Słonimskiego;;3;WRZESZCZ GÓRNY
Słowackiego;Juliusza Słowackiego;83-155, 92-130;6;BRĘTOWO
Słowackiego;Juliusza Słowackiego;132 do końca, 157 do końca;5;MATARNIA
Słowackiego;Juliusza Słowackiego;1-81, 2-90;3;WRZESZCZ GÓRNY
Słowiańska;Słowiańska;;4;PRZYMORZE MAŁE
Słowików;Słowików;;1;WYSPA SOBIESZEWSKA
Słupska;Słupska;;4;PRZYMORZE MAŁE
Smęgorzyńska;Smęgorzyńska;;5;KOKOSZKI
Smętna;Smętna;;1;ORUNIA-ŚW. WOJCIECH-LIPCE
Smoleńska;Smoleńska;;1;ORUNIA-ŚW. WOJCIECH-LIPCE
Smolna;Smolna;;1;ORUNIA-ŚW. WOJCIECH-LIPCE
Smoluchowskiego;Mariana Smoluchowskiego;;3;ANIOŁKI
Smugowa;Smugowa;;5;OSOWA
Snycerzy;Snycerzy;;5;KOKOSZKI
Sobieskiego;Jana Sobieskiego;;3;WRZESZCZ GÓRNY
Sobieszewska;Sobieszewska;;1;WYSPA SOBIESZEWSKA
Sobolowa;Sobolowa;;5;OLIWA
Sobótki;Sobótki;;3;WRZESZCZ GÓRNY
Sochaczewska;Sochaczewska;;3;WRZESZCZ DOLNY
Sokola;Sokola;;2;STOGI
Solec;Solec;;2;NOWY PORT
Solikowskiego;Jana Solikowskiego;;4;PRZYMORZE MAŁE
Solskiego;Ludwika Solskiego;;3;BRZEŹNO
Sołdka;Stanisława Sołdka;;5;OSOWA
Sołecka;Sołecka;;6;SIEDLCE
Somińska;Somińska;;5;KOKOSZKI
Soplicy;Jacka Soplicy;;1;WZGÓRZE MICKIEWICZA
Sopocka;Sopocka;;5;OSOWA
Sosnkowskiego;gen. Kazimierza Sosnkowskiego;;1;CHEŁM
Sosnowa;Sosnowa;;3;WRZESZCZ GÓRNY
Sośnickiego;Kazimierza Sośnickiego;;6;VII DWÓR
Sowia;Sowia;;6;SIEDLCE
Sowińskiego;gen. Józefa Sowińskiego;;6;SIEDLCE
Sówki;Sówki;;1;KRAKOWIEC-GÓRKI ZACHODNIE
Spacerowa;Spacerowa;od nr 1 do nr 18;5;OLIWA
Spacerowa;Spacerowa;46 do końca;5;OSOWA
Spadochroniarzy;Spadochroniarzy;;5;MATARNIA
Spadzista;Spadzista;;2;ŚRÓDMIEŚCIE
Spichrzowa;Spichrzowa;;2;ŚRÓDMIEŚCIE
Spokojna;Spokojna;;2;NOWY PORT
Sportowa;Sportowa;;5;OSOWA
Srebrna;Srebrna;;1;CHEŁM
Srebrniki;Srebrniki;;3;WRZESZCZ GÓRNY
Stajenna;Stajenna;;2;ŚRÓDMIEŚCIE
Stalowa;Stalowa;;2;LETNICA
Stara Stocznia;Stara Stocznia;;2;ŚRÓDMIEŚCIE
Stara Twierdza;Stara Twierdza;;2;PRZERÓBKA
Stare Domki;Stare Domki;;2;ŚRÓDMIEŚCIE
Starodworska;Starodworska;;6;SIEDLCE
Starogardzka;Starogardzka;22 do końca;1;CHEŁM
Starogardzka;Starogardzka;1-20;1;ORUNIA-ŚW. WOJCIECH-LIPCE
Starowiejska;Starowiejska;;2;LETNICA
Starowiślna;Starowiślna;;2;NOWY PORT
Startowa;Startowa;;4;ZASPA-MŁYNIEC
Stary Dwór;Stary Dwór;;2;ŚRÓDMIEŚCIE
Stary Rynek Oliwski;Stary Rynek Oliwski;;5;OLIWA
Staszica;Stanisława Staszica;;3;WRZESZCZ GÓRNY
Stągiewna;Stągiewna;;2;ŚRÓDMIEŚCIE
Steczka;Steczka;;1;KRAKOWIEC-GÓRKI ZACHODNIE
Sternicza;Sternicza;;3;BRZEŹNO
Stępkarska;Stępkarska;;2;ŚRÓDMIEŚCIE
Stężycka;Stężycka;;5;JASIEŃ
Stoczniowców;Stoczniowców;;1;CHEŁM
Stogi;Stogi;;1;KRAKOWIEC-GÓRKI ZACHODNIE
Stokłosy;Stokłosy;;5;KOKOSZKI
Stokrotki;Stokrotki;;1;OLSZYNKA
Stolarska;Stolarska;;2;ŚRÓDMIEŚCIE
Stolema;Stolema;;5;JASIEŃ
Stolnika;Stolnika;;1;WZGÓRZE MICKIEWICZA
Storczykowa;Storczykowa;;5;KOKOSZKI
Straganiarska;Straganiarska;;2;ŚRÓDMIEŚCIE
Strajku Dokerów;Strajku Dokerów;;2;NOWY PORT
Strakowskiego;Jana Strakowskiego;;3;WRZESZCZ DOLNY
Straszyńska;Straszyńska;;1;CHEŁM
Stroma;Stroma;;1;ORUNIA-ŚW. WOJCIECH-LIPCE
Struga;Andrzeja Struga;;6;SIEDLCE
Stryjewskiego;Wilhelma Stryjewskiego;;2;STOGI
Strzelca;Strzelca;;5;OSOWA
Strzelców Karpackich;Strzelców Karpackich;;1;CHEŁM
Strzelecka;Strzelecka;;2;ŚRÓDMIEŚCIE
Subisława;Subisława;1-18;4;PRZYMORZE MAŁE
Subisława;Subisława;19 do końca;5;ŻABIANKA-WEJHERA-JELITKOWO-TYSIĄCLECIA
Sucha;Sucha;;2;LETNICA
Suchanka;Antoniego Suchanka;;1;CHEŁM
Sucharskiego;mjr. Henryka Sucharskiego;;2;PRZERÓBKA
Sudomska;Sudomska;;5;KOKOSZKI
Sukiennicza;Sukiennicza;;2;ŚRÓDMIEŚCIE
Sulmińska;Sulmińska;;5;KOKOSZKI
Suwalska;Suwalska;;3;WRZESZCZ GÓRNY
Swarzewska;Swarzewska;;5;KOKOSZKI
Swojska;Swojska;;2;MŁYNISKA
Sybiraków;Sybiraków;;3;BRZEŹNO
Sychty;księdza Bernarda Sychty;;3;STRZYŻA
Sygietyńskiego;Tadeusza Sygietyńskiego;;3;STRZYŻA
Sympatyczna;Sympatyczna;;5;JASIEŃ
Synów Pułku;Synów Pułku;;5;MATARNIA
Syriusza;Syriusza;;5;OSOWA
Syrokomli;Władysława Syrokomli;;3;WRZESZCZ GÓRNY
Szafarnia;Szafarnia;;2;ŚRÓDMIEŚCIE
Szafera;Władysława Szafera;;5;OSOWA
Szafirowa;Szafirowa;;1;ORUNIA-ŚW. WOJCIECH-LIPCE
Szafranowa;Szafranowa;;5;KOKOSZKI
Szalupowa;Szalupowa;;5;OSOWA
Szara;Szara;;6;SIEDLCE
Szarotki;Szarotki;;1;OLSZYNKA
Szczecińska;Szczecińska;;4;PRZYMORZE MAŁE
Szczęśliwa;Szczęśliwa;;5;JASIEŃ
Szczodra;Szczodra;;6;PIECKI-MIGOWO
Szczygla;Szczygla;;2;ŚRÓDMIEŚCIE
Szczytników;Szczytników;;5;JASIEŃ
Szermiercza;Szermiercza;;1;CHEŁM
Szeroka;Szeroka;;2;ŚRÓDMIEŚCIE
Szewska;Szewska;;2;ŚRÓDMIEŚCIE
Szklana Huta;Szklana Huta;;2;LETNICA
Szklary;Szklary;;2;ŚRÓDMIEŚCIE
Szkocka;Szkocka;;1;ORUNIA-ŚW. WOJCIECH-LIPCE
Szkolna;Szkolna;;2;NOWY PORT
Szkutnicza;Szkutnicza;;1;WYSPA SOBIESZEWSKA
Szmaragdowa;Szmaragdowa;;1;CHEŁM
Szopińskiego;Lubomira Szopińskiego;;1;CHEŁM
Szopy;Szopy;;2;ŚRÓDMIEŚCIE
Szpaki;Szpaki;;2;STOGI
Szpitalna;Szpitalna;;2;ŚRÓDMIEŚCIE
Szpora;prof. Stanisława Szpora;;1;CHEŁM
Sztormowa;Sztormowa;;5;ŻABIANKA-WEJHERA-JELITKOWO-TYSIĄCLECIA
Sztutowska;Sztutowska;;1;RUDNIKI
Szuwary;Szuwary;;2;ŚRÓDMIEŚCIE
Szybowcowa;Szybowcowa;;5;MATARNIA
Szymanowskiego;Karola Szymanowskiego;;3;STRZYŻA
Szymbarska;Szymbarska;;6;UJEŚCISKO-ŁOSTOWICE
Szynszylowa;Szynszylowa;;5;JASIEŃ
Szyprów;Szyprów;;5;ŻABIANKA-WEJHERA-JELITKOWO-TYSIĄCLECIA
Ścieżki;Ścieżki;;1;OLSZYNKA
Śląska;Śląska;;4;PRZYMORZE MAŁE
Śliwkowa;Śliwkowa;;6;UJEŚCISKO-ŁOSTOWICE
Śluza;Śluza;;2;ŚRÓDMIEŚCIE
Śmigłowa;Śmigłowa;;5;MATARNIA
Śniadeckich;Śniadeckich;;3;ANIOŁKI
Śnieżna;Śnieżna;;2;LETNICA
Św. Barbary;Św. Barbary;;2;ŚRÓDMIEŚCIE
Św. Brata Alberta;Św. Brata Alberta;;5;KOKOSZKI
Św. Ducha;Św. Ducha;;2;ŚRÓDMIEŚCIE
Św. Huberta;Św. Huberta;;6;UJEŚCISKO-ŁOSTOWICE
Św. Piotra;Św. Piotra;;2;ŚRÓDMIEŚCIE
Św. Trójcy;Św. Trójcy;;2;ŚRÓDMIEŚCIE
Świbnieńska;Świbnieńska;;1;WYSPA SOBIESZEWSKA
Świdnicka;Świdnicka;;3;ANIOŁKI
Świechockiego;Władysława Świechockiego;;1;CHEŁM
Świerkowa;Świerkowa;;5;OLIWA
Świętojańska;Świętojańska;;2;ŚRÓDMIEŚCIE
Świętokrzyska;Świętokrzyska;1-21;1;CHEŁM
Świętokrzyska;Świętokrzyska;22 do końca;6;UJEŚCISKO-ŁOSTOWICE
Świętopełka;Świętopełka;;4;PRZYMORZE MAŁE
Świrskiego;Jerzego Świrskiego;;6;UJEŚCISKO-ŁOSTOWICE
Świstaka;Świstaka;;5;JASIEŃ
Świtezianki;Świtezianki;;1;WZGÓRZE MICKIEWICZA
Taborowa;Taborowa;;6;SUCHANINO
Tama Pędzichowska;Tama Pędzichowska;;1;RUDNIKI
Tamka;Tamka;;2;STOGI
Tandeta;Tandeta;;2;ŚRÓDMIEŚCIE
Taneczna;Taneczna;;5;JASIEŃ
Tarasy;Tarasy;;6;SIEDLCE
Tarcice;Tarcice;;1;RUDNIKI
Targ Drzewny;Targ Drzewny;;2;ŚRÓDMIEŚCIE
Targ Maślany;Targ Maślany;;2;ŚRÓDMIEŚCIE
Targ Rakowy;Targ Rakowy;;2;ŚRÓDMIEŚCIE
Targ Rybny;Targ Rybny;;2;ŚRÓDMIEŚCIE
Targ Sienny;Targ Sienny;;2;ŚRÓDMIEŚCIE
Targ Węglowy;Targ Węglowy;;2;ŚRÓDMIEŚCIE
Tarniny;Tarniny;;1;RUDNIKI
Tarnowska;Tarnowska;;6;UJEŚCISKO-ŁOSTOWICE
Tartaczna;Tartaczna;;2;ŚRÓDMIEŚCIE
Tatrzańska;Tatrzańska;;5;OLIWA
Teatralna;Teatralna;;2;ŚRÓDMIEŚCIE
Teleskopowa;Teleskopowa;;5;MATARNIA
Telewizyjna;Telewizyjna;;5;MATARNIA
Teligi;Leonida Teligi;;5;OSOWA
Telimeny;Telimeny;;1;WZGÓRZE MICKIEWICZA
Temidy;Temidy;;5;OSOWA
Tenisowa;Tenisowa;;1;CHEŁM
Tetmajera;Kazimierza Tetmajera;;5;OLIWA
Tezeusza;Tezeusza;;5;OSOWA
Tęczowa;Tęczowa;;1;WYSPA SOBIESZEWSKA
Tilgnera;Damazego Tilgnera;;1;CHEŁM
Tischnera;ks. Józefa Tischnera;;6;BRĘTOWO
Tkacka;Tkacka;;2;ŚRÓDMIEŚCIE
Tobiasza;Tobiasza;;2;ŚRÓDMIEŚCIE
Tokarska;Tokarska;;2;ŚRÓDMIEŚCIE
Tolkmicka;Tolkmicka;;4;PRZYMORZE MAŁE
Tomczaka;Ryszarda Tomczaka;;1;ORUNIA-ŚW. WOJCIECH-LIPCE
Topazowa;Topazowa;;1;CHEŁM
Topolowa;Topolowa;;3;WRZESZCZ GÓRNY
Toruńska;Toruńska;;2;ŚRÓDMIEŚCIE
Towarowa;Towarowa;;3;ANIOŁKI
Trakt Św. Wojciecha;Trakt Św. Wojciecha;;1;ORUNIA-ŚW. WOJCIECH-LIPCE
Trałowa;Trałowa;;1;WYSPA SOBIESZEWSKA
Transportowców;Transportowców;;5;KOKOSZKI
Trapowa;Trapowa;;5;OSOWA
Traugutta;Romualda Traugutta;1-29, 2-14;3;ANIOŁKI
Traugutta;Romualda Traugutta;16-102, 31-121;3;WRZESZCZ GÓRNY
Trawki;Trawki;;3;WRZESZCZ GÓRNY
Trubadurów;Trubadurów;;3;ANIOŁKI
Trzy Lipy;Trzy Lipy;;6;PIECKI-MIGOWO
Tuchomska;Tuchomska;;5;KOKOSZKI
Tulipanów;Tulipanów;;1;OLSZYNKA
Turkusowa;Turkusowa;;1;ORUNIA-ŚW. WOJCIECH-LIPCE
Turystyczna;Turystyczna;;1;WYSPA SOBIESZEWSKA
Turzycowa;Turzycowa;;5;JASIEŃ
Tuwima;Juliana Tuwima;;3;ANIOŁKI
Twarda;Twarda;;2;MŁYNISKA
Tylewskiego;Tadeusza Tylewskiego;;6;SUCHANINO
Tymiankowa;Tymiankowa;;5;KOKOSZKI
Tysiąclecia;Tysiąclecia;;5;ŻABIANKA-WEJHERA-JELITKOWO-TYSIĄCLECIA
U Furty;U Furty;;2;ŚRÓDMIEŚCIE
Ubocze;Ubocze;;1;ORUNIA-ŚW. WOJCIECH-LIPCE
Uczniowska;Uczniowska;45 do końca;3;BRZEŹNO
Uczniowska;Uczniowska;1-44;2;LETNICA
Ugory;Ugory;;2;STOGI
Ujeścisko;Ujeścisko;;6;UJEŚCISKO-ŁOSTOWICE
Ukośna;Ukośna;;1;ORUNIA-ŚW. WOJCIECH-LIPCE
Ukryta;Ukryta;;1;WYSPA SOBIESZEWSKA
Ułańska;Ułańska;;2;ŚRÓDMIEŚCIE
Unruga;Józefa Unruga;;6;UJEŚCISKO-ŁOSTOWICE
Uphagena;Jana Uphagena;;3;WRZESZCZ GÓRNY
Urana;Urana;;5;OSOWA
Uranowa;Uranowa;;1;CHEŁM
Urocza;Urocza;;1;ORUNIA-ŚW. WOJCIECH-LIPCE
Urwista;Urwista;;1;WYSPA SOBIESZEWSKA
Ustronie;Ustronie;;2;ŚRÓDMIEŚCIE
Uzdrowiskowa;Uzdrowiskowa;;1;WYSPA SOBIESZEWSKA
Victorii;Victorii;;5;OSOWA
VII Dwór;VII Dwór;;6;VII DWÓR
Volty;Aleksandra Volty;;6;PIECKI-MIGOWO
Wadowicka;Wadowicka;;6;UJEŚCISKO-ŁOSTOWICE
Wagnera;Ryszarda Wagnera;;6;SUCHANINO
Wajdeloty;Wajdeloty;;3;WRZESZCZ DOLNY
Waldorffa;Jerzego Waldorffa;;6;BRĘTOWO
Walecznych;Walecznych;;3;BRZEŹNO
Wallenroda;Konrada Wallenroda;;3;WRZESZCZ DOLNY
Wałowa;Wałowa;;2;ŚRÓDMIEŚCIE
Wały Jagiellońskie;Wały Jagiellońskie;;2;ŚRÓDMIEŚCIE
Wały Piastowskie;Wały Piastowskie;;2;ŚRÓDMIEŚCIE
Wapiennicza;Wapiennicza;;2;ŚRÓDMIEŚCIE
Warneńska;Warneńska;;6;PIECKI-MIGOWO
Warszawska;Warszawska;;6;UJEŚCISKO-ŁOSTOWICE
Wartka;Wartka;;2;ŚRÓDMIEŚCIE
Waryńskiego;Ludwika Waryńskiego;9-39;3;WRZESZCZ DOLNY
Waryńskiego;Ludwika Waryńskiego;1-8, 40 do końca;3;WRZESZCZ GÓRNY
Warzywnicza;Warzywnicza;;2;ŚRÓDMIEŚCIE
Wassowskiego;Józefa Wassowskiego;;3;WRZESZCZ GÓRNY
Wawelska;Wawelska;;1;CHEŁM
Wąsika;Józefa Wąsika;;1;CHEŁM
Wąskotorowa;Wąskotorowa;;1;OLSZYNKA
Wąsowicza;Stanisława Wąsowicza;;5;OLIWA
Wąwóz;Wąwóz;;1;ORUNIA-ŚW. WOJCIECH-LIPCE
Wczasy;Wczasy;;3;BRZEŹNO
Wdzydzka;Wdzydzka;;5;KOKOSZKI
Wegi;Wegi;;5;OSOWA
Wejhera;Jakuba Wejhera;;5;ŻABIANKA-WEJHERA-JELITKOWO-TYSIĄCLECIA
Wełniarska;Wełniarska;;2;ŚRÓDMIEŚCIE
Wendy;Tadeusza Wendy;;5;OSOWA
Wenus;Wenus;;5;OSOWA
Wesoła;Wesoła;;6;SIEDLCE
Westy;Westy;;5;OSOWA
Węglarska;Węglarska;;2;ŚRÓDMIEŚCIE
Węgorzowa;Węgorzowa;;1;WYSPA SOBIESZEWSKA
Węgrzyna;Eugeniusza Węgrzyna;;5;JASIEŃ
Węsierska;Węsierska;;5;KOKOSZKI
Węzeł Groddecka;Węzeł im. Carla Groddecka;Inne;2;ŚRÓDMIEŚCIE
Węzeł Kliniczna;Węzeł Kliniczna;Inne;2;MŁYNISKA
Węzeł Kliniczna;Węzeł Kliniczna;Inne;3;WRZESZCZ DOLNY
Węzeł Unii Europejskiej;Węzeł Unii Europejskiej;Inne;2;ŚRÓDMIEŚCIE
Wichrowe Wzgórze;Wichrowe Wzgórze;;6;BRĘTOWO
Widlińska;Widlińska;;5;KOKOSZKI
Widok;Widok;;6;PIECKI-MIGOWO
Wiecka;Wiecka;;5;KOKOSZKI
Wieczorkiewicza;Henryka Wieczorkiewicza;;4;ZASPA-ROZSTAJE
Wielewska;Wielewska;;5;KOKOSZKI
Wielkie Młyny;Wielkie Młyny;;2;ŚRÓDMIEŚCIE
Wielkiego;Kazimierza Wielkiego;;1;CHEŁM
Wielkopolska;Wielkopolska;48 do końca;1;CHEŁM
Wielkopolska;Wielkopolska;1-47;6;UJEŚCISKO-ŁOSTOWICE
Wielopole;Wielopole;;2;LETNICA
Wieniawskiego;Józefa Wieniawskiego;;6;SIEDLCE
Wieniecka;Wieniecka;;1;WYSPA SOBIESZEWSKA
Wierzbowa;Wierzbowa;;2;ŚRÓDMIEŚCIE
Wiesława;Wiesława;;2;ŚRÓDMIEŚCIE
Wiewiórcza;Wiewiórcza;;6;UJEŚCISKO-ŁOSTOWICE
Wieżycka;Wieżycka;;6;UJEŚCISKO-ŁOSTOWICE
Więcierze;Więcierze;;2;ŚRÓDMIEŚCIE
Więckowskiego;prof. Józefa Więckowskiego;;1;CHEŁM
Wigierska;Wigierska;;1;CHEŁM
Wika-Czarnowskiego;Anastazego Wika-Czarnowskiego;;4;PRZYMORZE WIELKIE
Wilanowska;Wilanowska;;1;CHEŁM
Wilcza;Wilcza;;2;ŚRÓDMIEŚCIE
Wileńska;Wileńska;37-63, 56-62;6;PIECKI-MIGOWO
Wileńska;Wileńska;1-35, 2-42;3;WRZESZCZ GÓRNY
Wilgi;Wilgi;;1;OLSZYNKA
Wilka - Krzyżanowskiego;płk. Wilka - Krzyżanowskiego;;3;STRZYŻA
Wilków Morskich;Wilków Morskich;;2;NOWY PORT
Willowa;Willowa;;5;OSOWA
Wiłkomirskiego;Kazimierza Wiłkomirskiego;;5;MATARNIA
Winnicka;Winnicka;;6;SIEDLCE
Winogronowa;Winogronowa;;3;WRZESZCZ DOLNY
Wiolinowa;Wiolinowa;;5;MATARNIA
Wiosenna;Wiosenna;;5;KOKOSZKI
Wiosłowa;Wiosłowa;;1;WYSPA SOBIESZEWSKA
Wiosny Ludów;Wiosny Ludów;;2;ŚRÓDMIEŚCIE
Wiślna;Wiślna;;2;LETNICA
Wiśniowa;Wiśniowa;;6;UJEŚCISKO-ŁOSTOWICE
Wita Stwosza;Wita Stwosza;96-104;6;VII DWÓR
Wita Stwosza;Wita Stwosza;1-62A;5;OLIWA
Wita Stwosza;Wita Stwosza;75, 77, 108-112;3;STRZYŻA
Witkiewicza;Stanisława Witkiewicza;;5;OLIWA
Witosa;Wincentego Witosa;;1;CHEŁM
Władysława IV;Władysława IV;;2;NOWY PORT
Władysławowska;Władysławowska;;4;PRZYMORZE MAŁE
Własna Strzecha;Własna Strzecha;;3;WRZESZCZ GÓRNY
Włóczników;Włóczników;;5;JASIEŃ
Wodna;Wodna;;1;WYSPA SOBIESZEWSKA
Wodnika;Wodnika;;5;OSOWA
Wodopój;Wodopój;;2;ŚRÓDMIEŚCIE
Wojnarskiego;Jana Wojnarskiego;;5;MATARNIA
Wojska Polskiego;Aleja Wojska Polskiego;;3;STRZYŻA
Wojskiego;Wojskiego;;1;WZGÓRZE MICKIEWICZA
Wolarza;Wolarza;;5;OSOWA
Wolności;Wolności;;2;NOWY PORT
Wołkowyska;Wołkowyska;;6;PIECKI-MIGOWO
Wołyńska;Wołyńska;;1;ORUNIA-ŚW. WOJCIECH-LIPCE
Worcella;Stanisława Worcella;;1;CHEŁM
Woźnicy;Woźnicy;;5;OSOWA
Wrocławska;Wrocławska;;3;ANIOŁKI
Wronia;Wronia;;3;ANIOŁKI
Wronki;bpa Andrzeja Wronki;;1;CHEŁM
Wróbla;Wróbla;;2;ŚRÓDMIEŚCIE
Wróblewskiego;Zygmunta Wróblewskiego;;3;WRZESZCZ GÓRNY
Wrzeszczańska;Wrzeszczańska;;3;WRZESZCZ DOLNY
Wrześniowa;Wrześniowa;;5;KOKOSZKI
Wrzosy;Wrzosy;;2;STOGI
Wschodnia;Wschodnia;;1;ORUNIA-ŚW. WOJCIECH-LIPCE
Wspornikowa;Wspornikowa;;2;ŚRÓDMIEŚCIE
Wspólna;Wspólna;;1;OLSZYNKA
Współczesna;Współczesna;;3;WRZESZCZ GÓRNY
Wyciąg;Wyciąg;;1;KRAKOWIEC-GÓRKI ZACHODNIE
Wyczółkowskiego;Leona Wyczółkowskiego;;6;SIEDLCE
Wydmy;Wydmy;;2;STOGI
Wygon;Wygon;;2;ŚRÓDMIEŚCIE
Wypoczynkowa;Wypoczynkowa;;5;ŻABIANKA-WEJHERA-JELITKOWO-TYSIĄCLECIA
Wyspiańskiego;Stanisława Wyspiańskiego;;3;WRZESZCZ DOLNY
Wyzwolenia;Wyzwolenia;;2;NOWY PORT
Za Murami;Za Murami;;2;ŚRÓDMIEŚCIE
Zabłockiego;Franciszka Zabłockiego;;6;PIECKI-MIGOWO
Zabłotna;Zabłotna;;2;ŚRÓDMIEŚCIE
Zabytkowa;Zabytkowa;;3;WRZESZCZ GÓRNY
Zacisze;Zacisze;;5;OLIWA
Zacna;Zacna;;6;PIECKI-MIGOWO
Zagony;Zagony;;1;OLSZYNKA
Zagórna;Zagórna;;6;SIEDLCE
Zagroble;Zagroble;;1;RUDNIKI
Zagrodowa;Zagrodowa;;6;SIEDLCE
Zajęcza;Zajęcza;;5;OLIWA
Zakole;Zakole;;2;STOGI
Zakoniczyńska;Zakoniczyńska;;6;UJEŚCISKO-ŁOSTOWICE
Zakopiańska;Zakopiańska;;6;SIEDLCE
Zakosy;Zakosy;;6;SIEDLCE
Zalesie;Zalesie;;2;STOGI
Załogowa;Załogowa;;2;LETNICA
Zamenhofa;Ludwika Zamenhofa;;3;STRZYŻA
Zamiejska;Zamiejska;32-50;1;CHEŁM
Zamiejska;Zamiejska;1-28;1;ORUNIA-ŚW. WOJCIECH-LIPCE
Zamknięta;Zamknięta;;2;NOWY PORT
Zamkowa;Zamkowa;;2;ŚRÓDMIEŚCIE
Zamojska;Zamojska;;6;UJEŚCISKO-ŁOSTOWICE
Zaroślak;Zaroślak;;2;ŚRÓDMIEŚCIE
Zaruskiego;Mariusza Zaruskiego;;5;OSOWA
Zaścianek;Zaścianek;;3;WRZESZCZ DOLNY
Zatokowa;Zatokowa;;5;OSOWA
Zator Przytockiego;ks. Józefa Zator Przytockiego;;3;WRZESZCZ GÓRNY
Zaułek Ormiański;Zaułek Ormiański;;2;ŚRÓDMIEŚCIE
Zaułek Św. Bartłomieja;Zaułek Św. Bartłomieja;;2;ŚRÓDMIEŚCIE
Zaułek Zappio;Zaułek Zachariasza Zappio;;2;ŚRÓDMIEŚCIE
Zawackiej;gen. Elżbiety Zawackiej;;1;CHEŁM
Zawiejska;Zawiejska;;1;ORUNIA-ŚW. WOJCIECH-LIPCE
Zawilcowa;Zawilcowa;;1;ORUNIA-ŚW. WOJCIECH-LIPCE
Zawiszy Czarnego;Zawiszy Czarnego;;3;WRZESZCZ DOLNY
Zawiślańska;Zawiślańska;;1;KRAKOWIEC-GÓRKI ZACHODNIE
Zawodników;Zawodników;;2;ŚRÓDMIEŚCIE
Zawodzie;Zawodzie;;1;OLSZYNKA
Zbąszyńska;Zbąszyńska;;5;KOKOSZKI
Zbieżna;Zbieżna;;5;KOKOSZKI
Zbyszka z Bogdańca;Zbyszka z Bogdańca;;3;WRZESZCZ DOLNY
Zbytki;Zbytki;;2;ŚRÓDMIEŚCIE
Zdrojowa;Zdrojowa;;3;BRZEŹNO
Zelwerowicza;Aleksandra Zelwerowicza;;3;BRZEŹNO
Zenitowa;Zenitowa;;5;MATARNIA
Zeusa;Zeusa;;5;OSOWA
Zgody I;Zgody I;;4;PRZYMORZE MAŁE
Zgody II;Zgody II;;4;PRZYMORZE MAŁE
Zielna;Zielna;;1;OLSZYNKA
Zielona;Zielona;;2;ŚRÓDMIEŚCIE
Zielone Wzgórze;Zielone Wzgórze;;6;BRĘTOWO
Zielonogórska;Zielonogórska;;1;CHEŁM
Zielony Stok;Zielony Stok;;6;UJEŚCISKO-ŁOSTOWICE
Zielony Trójkąt;Zielony Trójkąt;;2;MŁYNISKA
Ziemowita;Ziemowita;;4;PRZYMORZE MAŁE
Zimna;Zimna;;2;STOGI
Złota;Złota;;1;CHEŁM
Złota Karczma;Złota Karczma;;5;MATARNIA
Złotników;Złotników;;2;ŚRÓDMIEŚCIE
Złotowska;Złotowska;;5;OSOWA
Zosi;Zosi;;1;WZGÓRZE MICKIEWICZA
Zubrzyckiego;Franciszka Zubrzyckiego;;3;WRZESZCZ GÓRNY
Zuchów;Zuchów;;1;OLSZYNKA
Związkowa;Związkowa;;1;ORUNIA-ŚW. WOJCIECH-LIPCE
Związku Jaszczurczego;Związku Jaszczurczego;;6;PIECKI-MIGOWO
Zwierkowskiego;Jerzego Zwierkowskiego;;1;CHEŁM
Zwierzyniecka;Zwierzyniecka;;5;JASIEŃ
Zwycięstwa;Aleja Zwycięstwa;1-15, 33-59;3;ANIOŁKI
Zwycięstwa;Aleja Zwycięstwa;16/17 do 32;3;WRZESZCZ GÓRNY
Źródlana;Źródlana;;5;JASIEŃ
Żabi Kruk;Żabi Kruk;;2;ŚRÓDMIEŚCIE
Żabia;Żabia;;1;ORUNIA-ŚW. WOJCIECH-LIPCE
Żaglowa;Żaglowa;;2;LETNICA
Żaków;Żaków;;1;KRAKOWIEC-GÓRKI ZACHODNIE
Żarnowiecka;Żarnowiecka;;1;OLSZYNKA
Żeglarska;Żeglarska;;3;STRZYŻA
Żeleńskiego;Władysława Żeleńskiego;;3;STRZYŻA
Żeromskiego;Stefana Żeromskiego;;5;OLIWA
Żniwna;Żniwna;;3;WRZESZCZ DOLNY
Żołnierska;Żołnierska;;3;ANIOŁKI
Żonkilowa;Żonkilowa;;1;WYSPA SOBIESZEWSKA
Żubrowa;Żubrowa;;5;OLIWA
Żukowska;Żukowska;;5;KOKOSZKI
Żuławska;Żuławska;;1;ORUNIA-ŚW. WOJCIECH-LIPCE
Żurawia;Żurawia;;1;OLSZYNKA
Żwirki i Wigury;Żwirki i Wigury;;4;ZASPA-ROZSTAJE
Życzliwa;Życzliwa;;5;JASIEŃ
Żylewicza;Józefa Żylewicza;;6;PIECKI-MIGOWO
Żytnia;Żytnia;;2;ŚRÓDMIEŚCIE
Żywiecka;Żywiecka;;3;WRZESZCZ DOLNY
